timestamp_sec,bbox_area,confidence,boundary_violation
1759474569.4619794,918.0,1.0,1.0
1759474569.5569265,918.0,1.0,1.0
1759474569.6551573,918.0,1.0,1.0
1759474569.7705383,918.0,1.0,1.0
1759474569.869237,918.0,1.0,1.0
1759474569.9579618,918.0,1.0,1.0
1759474570.0589395,918.0,1.0,1.0
1759474570.1616156,918.0,1.0,1.0
1759474570.2641547,918.0,1.0,1.0
1759474570.3636632,980.0,1.0,1.0
1759474570.4698493,918.0,1.0,1.0
1759474570.5581293,918.0,1.0,1.0
1759474570.6583197,918.0,1.0,1.0
1759474570.763486,918.0,1.0,1.0
1759474570.881686,918.0,1.0,1.0
1759474570.96412,918.0,1.0,1.0
1759474571.0685303,918.0,1.0,1.0
1759474571.1635516,918.0,1.0,1.0
1759474571.2595286,918.0,1.0,1.0
1759474571.360296,918.0,1.0,1.0
1759474571.4685228,918.0,1.0,1.0
1759474571.5698924,918.0,1.0,1.0
1759474571.6623733,918.0,1.0,1.0
1759474571.7740242,918.0,1.0,1.0
1759474571.8589783,918.0,1.0,1.0
1759474571.9733372,918.0,1.0,1.0
1759474572.0693157,918.0,1.0,1.0
1759474572.1604276,918.0,1.0,1.0
1759474572.263023,918.0,1.0,1.0
1759474572.3625853,918.0,1.0,1.0
1759474572.4628596,918.0,1.0,1.0
1759474572.553596,918.0,1.0,1.0
1759474572.6650386,918.0,1.0,1.0
1759474572.7616243,980.0,1.0,1.0
1759474572.863743,918.0,1.0,1.0
1759474572.9763207,918.0,1.0,1.0
1759474573.0684621,918.0,1.0,1.0
1759474573.1761234,918.0,1.0,1.0
1759474573.2585354,918.0,1.0,1.0
1759474573.3624697,918.0,1.0,1.0
1759474573.4659479,918.0,1.0,1.0
1759474573.5716624,918.0,1.0,1.0
1759474573.6690228,918.0,1.0,1.0
1759474573.780417,918.0,1.0,1.0
1759474573.8627303,918.0,1.0,1.0
1759474573.9608834,918.0,1.0,1.0
1759474574.0585556,918.0,1.0,1.0
1759474574.1621246,918.0,1.0,1.0
1759474574.2744508,918.0,1.0,1.0
1759474574.3728814,918.0,1.0,1.0
1759474574.4632504,918.0,1.0,1.0
1759474574.573371,918.0,1.0,1.0
1759474574.6625829,918.0,1.0,1.0
1759474574.775183,918.0,1.0,1.0
1759474574.8666914,918.0,1.0,1.0
1759474574.8754654,918.0,1.0,1.0
1759474574.9785438,918.0,1.0,1.0
1759474575.065726,918.0,1.0,1.0
1759474575.1830053,918.0,1.0,1.0
1759474575.2738285,918.0,1.0,1.0
1759474575.3794968,918.0,1.0,1.0
1759474575.464758,918.0,1.0,1.0
1759474575.5652268,918.0,1.0,1.0
1759474575.6609457,918.0,1.0,1.0
1759474575.7655694,918.0,1.0,1.0
1759474575.871008,918.0,1.0,1.0
1759474575.9771488,918.0,1.0,1.0
1759474576.0704973,918.0,1.0,1.0
1759474576.1697516,918.0,1.0,1.0
1759474576.2794476,918.0,1.0,1.0
1759474576.3661928,918.0,1.0,1.0
1759474576.4696598,918.0,1.0,1.0
1759474576.5843794,918.0,1.0,1.0
1759474576.6701994,918.0,1.0,1.0
1759474576.7695458,918.0,1.0,1.0
1759474576.881446,918.0,1.0,1.0
1759474576.9700363,918.0,1.0,1.0
1759474577.0667257,918.0,1.0,1.0
1759474577.1755657,918.0,1.0,1.0
1759474577.2668188,918.0,1.0,1.0
1759474577.3828974,918.0,1.0,1.0
1759474577.4700701,918.0,1.0,1.0
1759474577.5743816,918.0,1.0,1.0
1759474577.686158,918.0,1.0,1.0
1759474577.7825375,918.0,1.0,1.0
1759474577.8794973,918.0,1.0,1.0
1759474577.9694982,918.0,1.0,1.0
1759474578.0655906,918.0,1.0,1.0
1759474578.1828184,918.0,1.0,1.0
1759474578.27174,918.0,1.0,1.0
1759474578.3649712,918.0,1.0,1.0
1759474578.38236,918.0,1.0,1.0
1759474578.484993,918.0,1.0,1.0
1759474578.5843894,918.0,1.0,1.0
1759474578.6783345,918.0,1.0,1.0
1759474578.786816,918.0,1.0,1.0
1759474578.8769767,918.0,1.0,1.0
1759474578.970598,918.0,1.0,1.0
1759474579.0702286,918.0,1.0,1.0
1759474579.1768692,918.0,1.0,1.0
1759474579.2713614,918.0,1.0,1.0
1759474579.3827925,918.0,1.0,1.0
1759474579.4741743,918.0,1.0,1.0
1759474579.5709896,918.0,1.0,1.0
1759474579.684368,918.0,1.0,1.0
1759474579.781834,918.0,1.0,1.0
1759474579.8674963,918.0,1.0,1.0
1759474579.9832351,918.0,1.0,1.0
1759474580.0708609,918.0,1.0,1.0
1759474580.1866076,918.0,1.0,1.0
1759474580.2701116,918.0,1.0,1.0
1759474580.3768554,918.0,1.0,1.0
1759474580.4832296,918.0,1.0,1.0
1759474580.5824363,918.0,1.0,1.0
1759474580.6695333,918.0,1.0,1.0
1759474580.7746336,918.0,1.0,1.0
1759474580.8718445,918.0,1.0,1.0
1759474580.9692144,918.0,1.0,1.0
1759474581.0717866,918.0,1.0,0.0
1759474581.1723354,918.0,1.0,0.0
1759474581.2780504,918.0,1.0,0.0
1759474581.370604,918.0,1.0,0.0
1759474581.3808837,918.0,1.0,0.0
1759474581.4951792,918.0,1.0,0.0
1759474581.5820653,918.0,1.0,0.0
1759474581.6753008,918.0,1.0,0.0
1759474581.7800589,918.0,1.0,0.0
1759474581.8856769,918.0,1.0,0.0
1759474581.9810383,918.0,1.0,0.0
1759474582.0742345,918.0,1.0,0.0
1759474582.181485,918.0,1.0,0.0
1759474582.276496,918.0,1.0,0.0
1759474582.3790984,918.0,1.0,0.0
1759474582.48337,918.0,1.0,0.0
1759474582.5744784,918.0,1.0,0.0
1759474582.6924207,918.0,1.0,0.0
1759474582.7812274,918.0,1.0,0.0
1759474582.8781466,918.0,1.0,0.0
1759474582.9762552,918.0,1.0,0.0
1759474583.0798411,918.0,1.0,0.0
1759474583.1804643,918.0,1.0,0.0
1759474583.273297,918.0,1.0,0.0
1759474583.3851035,918.0,1.0,0.0
1759474583.491664,918.0,1.0,0.0
1759474583.5817778,918.0,1.0,0.0
1759474583.6780624,918.0,1.0,0.0
1759474583.786888,918.0,1.0,0.0
1759474583.87775,918.0,1.0,0.0
1759474583.9758859,918.0,1.0,0.0
1759474584.0747905,918.0,1.0,0.0
1759474584.0852067,918.0,1.0,0.0
1759474584.1953404,918.0,1.0,0.0
1759474584.2825336,918.0,1.0,0.0
1759474584.4019156,918.0,1.0,0.0
1759474584.4936357,918.0,1.0,0.0
1759474584.5922527,918.0,1.0,0.0
1759474584.690315,918.0,1.0,0.0
1759474584.7911015,918.0,1.0,0.0
1759474584.8932574,918.0,1.0,0.0
1759474584.9945588,918.0,1.0,0.0
1759474585.0789373,918.0,1.0,0.0
1759474585.182133,918.0,1.0,0.0
1759474585.2833462,918.0,1.0,0.0
1759474585.3890333,918.0,1.0,0.0
1759474585.4943073,918.0,1.0,0.0
1759474585.5909684,918.0,1.0,0.0
1759474585.6784077,918.0,1.0,0.0
1759474585.7822132,918.0,1.0,0.0
1759474585.8897893,918.0,1.0,0.0
1759474585.9890945,918.0,1.0,0.0
1759474586.0794466,918.0,1.0,0.0
1759474586.184593,918.0,1.0,0.0
1759474586.276866,918.0,1.0,0.0
1759474586.392429,918.0,1.0,0.0
1759474586.4860191,918.0,1.0,0.0
1759474586.5889583,858.0,1.0,0.0
1759474586.682949,918.0,1.0,0.0
1759474586.7922728,918.0,1.0,0.0
1759474586.8826804,918.0,1.0,0.0
1759474586.9880893,918.0,1.0,0.0
1759474587.087205,918.0,1.0,0.0
1759474587.1920323,918.0,1.0,0.0
1759474587.2033784,918.0,1.0,0.0
1759474587.2915568,918.0,1.0,0.0
1759474587.3949115,918.0,1.0,0.0
1759474587.5066679,918.0,1.0,0.0
1759474587.604203,918.0,1.0,0.0
1759474587.698096,918.0,1.0,0.0
1759474587.7056434,918.0,1.0,0.0
1759474587.809367,918.0,1.0,0.0
1759474587.8943565,918.0,1.0,0.0
1759474587.990561,918.0,1.0,0.0
1759474588.097896,918.0,1.0,0.0
1759474588.1068652,918.0,1.0,0.0
1759474588.1888154,918.0,1.0,0.0
1759474588.308311,918.0,1.0,0.0
1759474588.4142096,918.0,1.0,0.0
1759474588.5076506,918.0,1.0,0.0
1759474588.615716,918.0,1.0,0.0
1759474588.7072504,918.0,1.0,0.0
1759474588.716798,918.0,1.0,0.0
1759474588.8085299,918.0,1.0,0.0
1759474588.9033222,918.0,1.0,0.0
1759474588.9970953,918.0,1.0,0.0
1759474589.1016045,918.0,1.0,0.0
1759474589.2062688,918.0,1.0,0.0
1759474589.312271,918.0,1.0,0.0
1759474589.4023616,918.0,1.0,0.0
1759474589.510869,918.0,1.0,0.0
1759474589.6067016,918.0,1.0,0.0
1759474589.7146106,918.0,1.0,0.0
1759474589.8164496,918.0,1.0,0.0
1759474589.911601,918.0,1.0,0.0
1759474589.9937003,918.0,1.0,0.0
1759474590.1063828,918.0,1.0,0.0
1759474590.1961076,918.0,1.0,0.0
1759474590.2930908,918.0,1.0,0.0
1759474590.4031732,918.0,1.0,0.0
1759474590.4974728,918.0,1.0,0.0
1759474590.5973787,918.0,1.0,0.0
1759474590.701139,918.0,1.0,0.0
1759474590.808663,918.0,1.0,0.0
1759474590.8982341,918.0,1.0,0.0
1759474591.0034006,918.0,1.0,0.0
1759474591.0965643,918.0,1.0,0.0
1759474591.2012403,918.0,1.0,0.0
1759474591.307845,918.0,1.0,0.0
1759474591.394947,918.0,1.0,0.0
1759474591.5035677,918.0,1.0,0.0
1759474591.6056404,918.0,1.0,0.0
1759474591.7064912,918.0,1.0,0.0
1759474591.803843,918.0,1.0,0.0
1759474591.900138,918.0,1.0,0.0
1759474591.9107072,918.0,1.0,0.0
1759474592.0022807,918.0,1.0,0.0
1759474592.103131,918.0,1.0,0.0
1759474592.2181618,918.0,1.0,0.0
1759474592.3073688,918.0,1.0,0.0
1759474592.4030182,918.0,1.0,0.0
1759474592.5127068,918.0,1.0,0.0
1759474592.6147652,918.0,1.0,0.0
1759474592.7075732,918.0,1.0,0.0
1759474592.815166,918.0,1.0,0.0
1759474592.9147625,918.0,1.0,0.0
1759474593.0114808,918.0,1.0,0.0
1759474593.116042,918.0,1.0,0.0
1759474593.2055762,918.0,1.0,0.0
1759474593.3151882,918.0,1.0,0.0
1759474593.4100537,980.0,1.0,0.0
1759474593.5104437,980.0,1.0,0.0
1759474593.6207266,980.0,1.0,0.0
1759474593.7113492,918.0,1.0,0.0
1759474593.8037262,918.0,1.0,0.0
1759474593.9093068,918.0,1.0,0.0
1759474594.0131714,918.0,1.0,0.0
1759474594.1153057,918.0,1.0,0.0
1759474594.2148361,918.0,1.0,0.0
1759474594.3113434,918.0,1.0,0.0
1759474594.4162667,918.0,1.0,0.0
1759474594.5137281,918.0,1.0,0.0
1759474594.6108432,918.0,1.0,0.0
1759474594.7105536,980.0,1.0,0.0
1759474594.8070686,918.0,1.0,0.0
1759474594.9082713,918.0,1.0,0.0
1759474595.0172493,918.0,1.0,0.0
1759474595.1136024,918.0,1.0,0.0
1759474595.2137961,918.0,1.0,0.0
1759474595.322583,980.0,1.0,0.0
1759474595.4163337,980.0,1.0,0.0
1759474595.5188932,980.0,1.0,0.0
1759474595.6107252,980.0,1.0,0.0
1759474595.7124815,980.0,1.0,0.0
1759474595.8209321,980.0,1.0,0.0
1759474595.90948,918.0,1.0,0.0
1759474596.010966,918.0,1.0,0.0
1759474596.1046243,918.0,1.0,0.0
1759474596.210203,918.0,1.0,0.0
1759474596.3120573,980.0,1.0,0.0
1759474596.4117806,980.0,1.0,0.0
1759474596.504161,980.0,1.0,0.0
1759474596.6112356,980.0,1.0,0.0
1759474596.625566,980.0,1.0,0.0
1759474596.7183113,980.0,1.0,0.0
1759474596.8206782,980.0,1.0,0.0
1759474596.9229782,980.0,1.0,0.0
1759474596.9323535,980.0,1.0,0.0
1759474597.034045,980.0,1.0,0.0
1759474597.137964,918.0,1.0,0.0
1759474597.2227254,980.0,1.0,0.0
1759474597.3344548,980.0,1.0,0.0
1759474597.4268548,980.0,1.0,0.0
1759474597.5383737,980.0,1.0,0.0
1759474597.6249232,980.0,1.0,0.0
1759474597.7299333,980.0,1.0,0.0
1759474597.8349025,918.0,1.0,0.0
1759474597.9275239,918.0,1.0,0.0
1759474598.0363417,918.0,1.0,0.0
1759474598.1239922,980.0,1.0,0.0
1759474598.230174,980.0,1.0,0.0
1759474598.3385777,980.0,1.0,0.0
1759474598.4265947,980.0,1.0,0.0
1759474598.5234547,980.0,1.0,0.0
1759474598.6249993,918.0,1.0,0.0
1759474598.737847,918.0,1.0,0.0
1759474598.8349166,980.0,1.0,0.0
1759474598.9374177,980.0,1.0,0.0
1759474599.0382547,980.0,1.0,0.0
1759474599.1394494,980.0,1.0,0.0
1759474599.2309513,918.0,1.0,0.0
1759474599.3233309,918.0,1.0,0.0
1759474599.4317636,980.0,1.0,0.0
1759474599.5261874,980.0,1.0,0.0
1759474599.6267753,980.0,1.0,0.0
1759474599.7285185,980.0,1.0,0.0
1759474599.8308866,980.0,1.0,0.0
1759474599.9389558,980.0,1.0,0.0
1759474600.0238266,980.0,1.0,0.0
1759474600.1247773,980.0,1.0,0.0
1759474600.2292826,980.0,1.0,0.0
1759474600.3258965,980.0,1.0,0.0
1759474600.4245503,980.0,1.0,0.0
1759474600.53712,980.0,1.0,0.0
1759474600.629034,980.0,1.0,0.0
1759474600.7248292,980.0,1.0,0.0
1759474600.8304646,980.0,1.0,0.0
1759474600.9337444,980.0,1.0,0.0
1759474601.0288706,980.0,1.0,0.0
1759474601.142112,980.0,1.0,0.0
1759474601.1529422,980.0,1.0,0.0
1759474601.247659,980.0,1.0,0.0
1759474601.3320754,980.0,1.0,0.0
1759474601.442153,980.0,1.0,0.0
1759474601.539228,980.0,1.0,0.0
1759474601.5463617,980.0,1.0,0.0
1759474601.6333869,980.0,1.0,0.0
1759474601.7448003,980.0,1.0,0.0
1759474601.752679,980.0,1.0,0.0
1759474601.8487473,980.0,1.0,0.0
1759474601.9347205,980.0,1.0,0.0
1759474602.0502994,980.0,1.0,0.0
1759474602.1429296,980.0,1.0,0.0
1759474602.2526085,980.0,1.0,0.0
1759474602.3594067,980.0,1.0,0.0
1759474602.4470434,980.0,1.0,0.0
1759474602.5455632,980.0,1.0,0.0
1759474602.6385164,980.0,1.0,0.0
1759474602.745659,980.0,1.0,0.0
1759474602.8377233,980.0,1.0,0.0
1759474602.9445624,980.0,1.0,0.0
1759474603.0431807,980.0,1.0,0.0
1759474603.1423874,980.0,1.0,0.0
1759474603.2369592,980.0,1.0,0.0
1759474603.3335395,980.0,1.0,0.0
1759474603.4440107,980.0,1.0,0.0
1759474603.544764,980.0,1.0,0.0
1759474603.6471715,980.0,1.0,0.0
1759474603.7438083,980.0,1.0,0.0
1759474603.8428884,980.0,1.0,0.0
1759474603.9588516,980.0,1.0,0.0
1759474604.0416632,980.0,1.0,0.0
1759474604.143567,980.0,1.0,0.0
1759474604.2447839,980.0,1.0,0.0
1759474604.3407843,980.0,1.0,0.0
1759474604.4387038,980.0,1.0,0.0
1759474604.5413687,980.0,1.0,0.0
1759474604.6557693,980.0,1.0,0.0
1759474604.7416,980.0,1.0,0.0
1759474604.8468213,980.0,1.0,0.0
1759474604.951767,980.0,1.0,0.0
1759474605.0402012,980.0,1.0,0.0
1759474605.1593194,980.0,1.0,0.0
1759474605.2447767,980.0,1.0,0.0
1759474605.353054,980.0,1.0,0.0
1759474605.4572196,980.0,1.0,0.0
1759474605.5451717,980.0,1.0,0.0
1759474605.658089,980.0,1.0,0.0
1759474605.7427526,980.0,1.0,0.0
1759474605.85308,980.0,1.0,0.0
1759474605.9547887,980.0,1.0,0.0
1759474606.0544379,980.0,1.0,0.0
1759474606.1482706,980.0,1.0,0.0
1759474606.2451906,980.0,1.0,0.0
1759474606.3416958,980.0,1.0,0.0
1759474606.4565191,980.0,1.0,0.0
1759474606.5382142,980.0,1.0,0.0
1759474606.5471914,980.0,1.0,0.0
1759474606.6531718,980.0,1.0,0.0
1759474606.749932,980.0,1.0,0.0
1759474606.8517647,980.0,1.0,0.0
1759474606.9557061,980.0,1.0,0.0
1759474607.0549328,980.0,1.0,0.0
1759474607.1424356,980.0,1.0,0.0
1759474607.254729,980.0,1.0,0.0
1759474607.3629656,980.0,1.0,0.0
1759474607.4608653,980.0,1.0,0.0
1759474607.5479543,980.0,1.0,0.0
1759474607.6496375,980.0,1.0,0.0
1759474607.7593784,980.0,1.0,0.0
1759474607.8529835,980.0,1.0,0.0
1759474607.9523797,980.0,1.0,0.0
1759474608.0682695,980.0,1.0,0.0
1759474608.1617885,980.0,1.0,0.0
1759474608.2502334,980.0,1.0,0.0
1759474608.3527172,980.0,1.0,0.0
1759474608.3622422,1044.0,1.0,0.0
1759474608.4527464,980.0,1.0,0.0
1759474608.5547147,980.0,1.0,0.0
1759474608.6482067,980.0,1.0,0.0
1759474608.6570506,980.0,1.0,0.0
1759474608.7657356,980.0,1.0,0.0
1759474608.8763342,980.0,1.0,0.0
1759474608.9503524,980.0,1.0,0.0
1759474609.0590029,980.0,1.0,0.0
1759474609.1682467,980.0,1.0,0.0
1759474609.2732685,980.0,1.0,0.0
1759474609.3660505,980.0,1.0,0.0
1759474609.4510114,980.0,1.0,0.0
1759474609.579469,980.0,1.0,0.0
1759474609.6549382,980.0,1.0,1.0
1759474609.7672057,980.0,1.0,1.0
1759474609.8609598,980.0,1.0,1.0
1759474609.9576807,980.0,1.0,1.0
1759474610.0543218,1044.0,1.0,1.0
1759474610.1536887,1073.0,1.0,1.0
1759474610.2554681,1073.0,1.0,1.0
1759474610.3590772,1073.0,1.0,1.0
1759474610.4577205,1073.0,1.0,1.0
1759474610.5600145,1044.0,1.0,1.0
1759474610.6543689,980.0,1.0,1.0
1759474610.759008,980.0,1.0,1.0
1759474610.8709035,980.0,1.0,1.0
1759474610.9529555,980.0,1.0,1.0
1759474611.0529602,980.0,1.0,1.0
1759474611.1532218,980.0,1.0,1.0
1759474611.2616708,980.0,1.0,1.0
1759474611.3486009,980.0,1.0,1.0
1759474611.4536052,980.0,1.0,1.0
1759474611.5587375,980.0,1.0,1.0
1759474611.6684384,980.0,1.0,1.0
1759474611.7586992,980.0,1.0,1.0
1759474611.8610032,980.0,1.0,1.0
1759474611.959407,980.0,1.0,1.0
1759474612.0732424,980.0,1.0,1.0
1759474612.169971,980.0,1.0,1.0
1759474612.262969,980.0,1.0,1.0
1759474612.3679435,980.0,1.0,1.0
1759474612.470179,980.0,1.0,1.0
1759474612.5658932,980.0,1.0,1.0
1759474612.664513,980.0,1.0,1.0
1759474612.7712033,980.0,1.0,1.0
1759474612.8581686,980.0,1.0,1.0
1759474612.96942,980.0,1.0,1.0
1759474613.0708199,980.0,1.0,1.0
1759474613.1651735,980.0,1.0,1.0
1759474613.2632086,980.0,1.0,1.0
1759474613.3605258,980.0,1.0,1.0
1759474613.4527943,980.0,1.0,1.0
1759474613.5621505,980.0,1.0,1.0
1759474613.6678987,980.0,1.0,1.0
1759474613.767114,980.0,1.0,1.0
1759474613.8638828,980.0,1.0,1.0
1759474613.9673684,980.0,1.0,1.0
1759474614.063161,980.0,1.0,1.0
1759474614.1628165,980.0,1.0,1.0
1759474614.2630725,980.0,1.0,1.0
1759474614.369349,980.0,1.0,1.0
1759474614.4647472,980.0,1.0,1.0
1759474614.5555127,980.0,1.0,1.0
1759474614.5643392,980.0,1.0,1.0
1759474614.66449,980.0,1.0,1.0
1759474614.7648318,980.0,1.0,1.0
1759474614.8719678,980.0,1.0,1.0
1759474614.9675176,980.0,1.0,1.0
1759474615.0713775,980.0,1.0,1.0
1759474615.1659696,980.0,1.0,1.0
1759474615.2654135,980.0,1.0,1.0
1759474615.3666906,980.0,1.0,1.0
1759474615.4652922,980.0,1.0,1.0
1759474615.5621383,980.0,1.0,1.0
1759474615.5709832,980.0,1.0,1.0
1759474615.6744678,980.0,1.0,1.0
1759474615.7718835,980.0,1.0,1.0
1759474615.8815176,980.0,1.0,1.0
1759474615.9841502,980.0,1.0,1.0
1759474616.082037,980.0,1.0,1.0
1759474616.1822007,980.0,1.0,1.0
1759474616.2846546,980.0,1.0,1.0
1759474616.384387,980.0,1.0,1.0
1759474616.4821403,980.0,1.0,1.0
1759474616.567904,980.0,1.0,1.0
1759474616.683413,980.0,1.0,1.0
1759474616.7725725,980.0,1.0,1.0
1759474616.8788548,980.0,1.0,1.0
1759474616.9846413,980.0,1.0,1.0
1759474617.0858524,980.0,1.0,1.0
1759474617.182586,980.0,1.0,1.0
1759474617.2706637,980.0,1.0,1.0
1759474617.3748622,980.0,1.0,1.0
1759474617.474762,918.0,1.0,1.0
1759474617.5786717,918.0,1.0,1.0
1759474617.678755,918.0,1.0,1.0
1759474617.7832832,980.0,1.0,1.0
1759474617.8943708,980.0,1.0,1.0
1759474617.9804263,980.0,1.0,1.0
1759474618.0793545,980.0,1.0,1.0
1759474618.1921105,980.0,1.0,1.0
1759474618.2798545,980.0,1.0,1.0
1759474618.3891408,980.0,1.0,1.0
1759474618.4767718,980.0,1.0,1.0
1759474618.5899231,980.0,1.0,1.0
1759474618.6871564,980.0,1.0,1.0
1759474618.7750533,980.0,1.0,1.0
1759474618.8776245,980.0,1.0,1.0
1759474618.9946194,980.0,1.0,1.0
1759474619.092542,980.0,1.0,1.0
1759474619.186346,980.0,1.0,1.0
1759474619.2860365,980.0,1.0,1.0
1759474619.3824952,980.0,1.0,1.0
1759474619.4904103,980.0,1.0,1.0
1759474619.5873306,980.0,1.0,1.0
1759474619.6790197,980.0,1.0,1.0
1759474619.787085,980.0,1.0,1.0
1759474619.8777292,980.0,1.0,1.0
1759474619.990077,980.0,1.0,1.0
1759474620.0915704,980.0,1.0,1.0
1759474620.1935322,980.0,1.0,1.0
1759474620.2765653,980.0,1.0,1.0
1759474620.376961,980.0,1.0,1.0
1759474620.4838529,980.0,1.0,1.0
1759474620.5937748,980.0,1.0,1.0
1759474620.6909988,918.0,1.0,1.0
1759474620.7757726,980.0,1.0,1.0
1759474620.8886428,980.0,1.0,1.0
1759474620.982431,980.0,1.0,1.0
1759474621.0796356,980.0,1.0,1.0
1759474621.1783612,980.0,1.0,1.0
1759474621.2917392,918.0,1.0,1.0
1759474621.3924863,918.0,1.0,1.0
1759474621.4765747,918.0,1.0,1.0
1759474621.5850763,918.0,1.0,1.0
1759474621.6840954,918.0,1.0,1.0
1759474621.7875671,980.0,1.0,1.0
1759474621.8953915,980.0,1.0,1.0
1759474621.981708,980.0,1.0,1.0
1759474622.0806172,980.0,1.0,1.0
1759474622.1893346,980.0,1.0,1.0
1759474622.2890873,980.0,1.0,1.0
1759474622.3870738,980.0,1.0,1.0
1759474622.4726722,980.0,1.0,1.0
1759474622.587282,980.0,1.0,1.0
1759474622.6841092,980.0,1.0,1.0
1759474622.7721367,980.0,1.0,1.0
1759474622.8779507,980.0,1.0,1.0
1759474622.9872649,980.0,1.0,1.0
1759474623.0881488,980.0,1.0,1.0
1759474623.1723301,980.0,1.0,1.0
1759474623.2806795,918.0,1.0,1.0
1759474623.3839548,980.0,1.0,1.0
1759474623.4800196,980.0,1.0,1.0
1759474623.5847032,980.0,1.0,1.0
1759474623.6750288,980.0,1.0,1.0
1759474623.789235,918.0,1.0,1.0
1759474623.8819048,918.0,1.0,1.0
1759474623.980431,858.0,1.0,1.0
1759474624.091224,918.0,1.0,1.0
1759474624.1921911,918.0,1.0,1.0
1759474624.2927601,918.0,1.0,1.0
1759474624.3741057,918.0,1.0,1.0
1759474624.485367,918.0,1.0,1.0
1759474624.5927896,918.0,1.0,1.0
1759474624.6940885,918.0,1.0,1.0
1759474624.7907982,918.0,1.0,1.0
1759474624.8860443,980.0,1.0,1.0
1759474624.9966016,980.0,1.0,1.0
1759474625.0867336,980.0,1.0,1.0
1759474625.1940684,980.0,1.0,1.0
1759474625.2998312,980.0,1.0,1.0
1759474625.390198,918.0,1.0,1.0
1759474625.4920666,918.0,1.0,1.0
1759474625.5762405,918.0,1.0,1.0
1759474625.6900573,918.0,1.0,1.0
1759474625.783003,918.0,1.0,1.0
1759474625.8912485,918.0,1.0,1.0
1759474626.001437,918.0,1.0,1.0
1759474626.0821085,918.0,1.0,1.0
1759474626.1922772,918.0,1.0,1.0
1759474626.2819943,918.0,1.0,1.0
1759474626.3760922,980.0,1.0,1.0
1759474626.4892533,918.0,1.0,1.0
1759474626.5858622,918.0,1.0,1.0
1759474626.682514,918.0,1.0,1.0
1759474626.787155,918.0,1.0,1.0
1759474626.8934824,980.0,1.0,1.0
1759474626.9938126,980.0,1.0,1.0
1759474627.0926871,980.0,1.0,1.0
1759474627.1918533,918.0,1.0,1.0
1759474627.2903228,918.0,1.0,1.0
1759474627.3961208,918.0,1.0,1.0
1759474627.4787343,918.0,1.0,1.0
1759474627.491064,918.0,1.0,1.0
1759474627.584555,980.0,1.0,1.0
1759474627.6961598,980.0,1.0,1.0
1759474627.7857175,980.0,1.0,1.0
1759474627.8863091,980.0,1.0,1.0
1759474627.902823,980.0,1.0,1.0
1759474627.9961333,980.0,1.0,1.0
1759474628.0944948,980.0,1.0,1.0
1759474628.1919737,918.0,1.0,1.0
1759474628.3058798,918.0,1.0,1.0
1759474628.3958454,980.0,1.0,1.0
1759474628.4905303,980.0,1.0,1.0
1759474628.6009004,980.0,1.0,1.0
1759474628.6966171,980.0,1.0,1.0
1759474628.7960808,980.0,1.0,1.0
1759474628.9081516,980.0,1.0,1.0
1759474628.994408,980.0,1.0,1.0
1759474629.1097872,980.0,1.0,1.0
1759474629.2134738,980.0,1.0,1.0
1759474629.2949858,918.0,1.0,1.0
1759474629.4021463,918.0,1.0,1.0
1759474629.5076177,858.0,1.0,1.0
1759474629.5974753,858.0,1.0,1.0
1759474629.6916904,918.0,1.0,1.0
1759474629.807626,980.0,1.0,1.0
1759474629.90484,980.0,1.0,1.0
1759474630.0057244,980.0,1.0,1.0
1759474630.1078024,980.0,1.0,1.0
1759474630.19802,980.0,1.0,1.0
1759474630.3129358,918.0,1.0,1.0
1759474630.4050105,980.0,1.0,1.0
1759474630.504609,980.0,1.0,1.0
1759474630.605214,980.0,1.0,1.0
1759474630.6969972,918.0,1.0,1.0
1759474630.805113,918.0,1.0,1.0
1759474630.8942842,980.0,1.0,1.0
1759474630.9029498,980.0,1.0,1.0
1759474630.9985476,918.0,1.0,1.0
1759474631.0996888,980.0,1.0,1.0
1759474631.210166,980.0,1.0,1.0
1759474631.21973,980.0,1.0,1.0
1759474631.3104982,980.0,1.0,1.0
1759474631.4097147,918.0,1.0,1.0
1759474631.5003526,918.0,1.0,1.0
1759474631.5968,980.0,1.0,1.0
1759474631.698757,980.0,1.0,1.0
1759474631.815997,980.0,1.0,1.0
1759474631.8244982,980.0,1.0,1.0
1759474631.9232895,980.0,1.0,1.0
1759474632.0148487,980.0,1.0,1.0
1759474632.1066327,980.0,1.0,1.0
1759474632.1283252,980.0,1.0,1.0
1759474632.2164776,980.0,1.0,1.0
1759474632.31548,980.0,1.0,1.0
1759474632.4089997,980.0,1.0,1.0
1759474632.5185857,980.0,1.0,1.0
1759474632.6189346,980.0,1.0,1.0
1759474632.7129357,980.0,1.0,1.0
1759474632.8242137,980.0,1.0,1.0
1759474632.9300122,980.0,1.0,1.0
1759474633.0301461,918.0,1.0,1.0
1759474633.1301317,918.0,1.0,1.0
1759474633.2223547,918.0,1.0,1.0
1759474633.3305147,980.0,1.0,1.0
1759474633.4269452,980.0,1.0,1.0
1759474633.5188136,980.0,1.0,1.0
1759474633.6224768,980.0,1.0,1.0
1759474633.7330964,980.0,1.0,1.0
1759474633.818122,980.0,1.0,1.0
1759474633.912513,980.0,1.0,1.0
1759474634.0279326,980.0,1.0,1.0
1759474634.1301112,980.0,1.0,1.0
1759474634.230682,980.0,1.0,1.0
1759474634.3288178,980.0,1.0,1.0
1759474634.4252722,980.0,1.0,1.0
1759474634.5221655,980.0,1.0,1.0
1759474634.6225002,980.0,1.0,1.0
1759474634.7218504,980.0,1.0,1.0
1759474634.823702,980.0,1.0,1.0
1759474634.9274728,980.0,1.0,1.0
1759474635.0310159,980.0,1.0,1.0
1759474635.1394253,980.0,1.0,1.0
1759474635.2351983,980.0,1.0,1.0
1759474635.3228652,980.0,1.0,1.0
1759474635.4279742,980.0,1.0,1.0
1759474635.518498,980.0,1.0,1.0
1759474635.633996,980.0,1.0,1.0
1759474635.7209938,980.0,1.0,1.0
1759474635.8323781,980.0,1.0,1.0
1759474635.9185538,980.0,1.0,1.0
1759474636.0239472,980.0,1.0,1.0
1759474636.1226711,980.0,1.0,0.0
1759474636.2168658,980.0,1.0,0.0
1759474636.329416,980.0,1.0,0.0
1759474636.420425,980.0,1.0,0.0
1759474636.5220227,980.0,1.0,0.0
1759474636.6329136,980.0,1.0,0.0
1759474636.715236,980.0,1.0,0.0
1759474636.8165865,980.0,1.0,0.0
1759474636.9186256,980.0,1.0,0.0
1759474637.0200484,980.0,1.0,0.0
1759474637.1321456,980.0,1.0,0.0
1759474637.2248704,980.0,1.0,0.0
1759474637.3230503,980.0,1.0,0.0
1759474637.4343436,980.0,1.0,0.0
1759474637.532752,980.0,1.0,0.0
1759474637.6283684,980.0,1.0,0.0
1759474637.7331035,980.0,1.0,0.0
1759474637.8380127,980.0,1.0,0.0
1759474637.9330232,980.0,1.0,0.0
1759474638.038225,980.0,1.0,0.0
1759474638.1306376,980.0,1.0,0.0
1759474638.2321684,980.0,1.0,0.0
1759474638.3420742,918.0,1.0,0.0
1759474638.4378808,980.0,1.0,0.0
1759474638.5240505,980.0,1.0,0.0
1759474638.621676,980.0,1.0,0.0
1759474638.723327,980.0,1.0,0.0
1759474638.8322444,980.0,1.0,0.0
1759474638.9240892,980.0,1.0,0.0
1759474639.025027,980.0,1.0,0.0
1759474639.1240528,980.0,1.0,0.0
1759474639.2411096,980.0,1.0,0.0
1759474639.3233156,980.0,1.0,0.0
1759474639.4234066,980.0,1.0,0.0
1759474639.5297303,980.0,1.0,0.0
1759474639.6411655,980.0,1.0,0.0
1759474639.724744,980.0,1.0,0.0
1759474639.8189914,980.0,1.0,0.0
1759474639.921653,980.0,1.0,0.0
1759474640.0246751,980.0,1.0,0.0
1759474640.139742,980.0,1.0,0.0
1759474640.2301066,980.0,1.0,0.0
1759474640.3227158,980.0,1.0,0.0
1759474640.426275,980.0,1.0,0.0
1759474640.5212922,980.0,1.0,0.0
1759474640.6173155,980.0,1.0,0.0
1759474640.7186127,980.0,1.0,0.0
1759474640.73779,980.0,1.0,0.0
1759474640.8444495,980.0,1.0,0.0
1759474640.9285038,980.0,1.0,0.0
1759474641.0280464,980.0,1.0,0.0
1759474641.1214473,980.0,1.0,0.0
1759474641.2253158,980.0,1.0,0.0
1759474641.325088,980.0,1.0,0.0
1759474641.4200644,980.0,1.0,0.0
1759474641.5303628,980.0,1.0,0.0
1759474641.6378968,980.0,1.0,0.0
1759474641.7235694,980.0,1.0,0.0
1759474641.8241975,980.0,1.0,0.0
1759474641.934985,980.0,1.0,0.0
1759474642.0394626,980.0,1.0,0.0
1759474642.1209528,980.0,1.0,0.0
1759474642.2248607,980.0,1.0,0.0
1759474642.3257482,980.0,1.0,0.0
1759474642.4365745,980.0,1.0,0.0
1759474642.5345352,980.0,1.0,0.0
1759474642.6223972,980.0,1.0,0.0
1759474642.7255034,980.0,1.0,0.0
1759474642.8361804,980.0,1.0,0.0
1759474642.9387205,980.0,1.0,0.0
1759474643.0297804,980.0,1.0,0.0
1759474643.1341598,980.0,1.0,0.0
1759474643.2265382,980.0,1.0,0.0
1759474643.333666,980.0,1.0,0.0
1759474643.4235973,980.0,1.0,0.0
1759474643.5253427,980.0,1.0,0.0
1759474643.6229484,980.0,1.0,0.0
1759474643.733042,980.0,1.0,0.0
1759474643.8297007,980.0,1.0,0.0
1759474643.8391733,980.0,1.0,0.0
1759474643.9407866,980.0,1.0,0.0
1759474644.0369778,980.0,1.0,0.0
1759474644.1323023,980.0,1.0,0.0
1759474644.230175,980.0,1.0,0.0
1759474644.343218,980.0,1.0,0.0
1759474644.4256465,980.0,1.0,0.0
1759474644.538818,980.0,1.0,0.0
1759474644.6458845,980.0,1.0,0.0
1759474644.741306,980.0,1.0,0.0
1759474644.8402042,980.0,1.0,0.0
1759474644.9431202,980.0,1.0,0.0
1759474645.0427015,980.0,1.0,0.0
1759474645.1332037,980.0,1.0,0.0
1759474645.2451205,980.0,1.0,0.0
1759474645.347016,980.0,1.0,0.0
1759474645.4450922,980.0,1.0,0.0
1759474645.5434315,980.0,1.0,0.0
1759474645.6324766,980.0,1.0,0.0
1759474645.7431605,980.0,1.0,0.0
1759474645.8450117,980.0,1.0,0.0
1759474645.9309704,980.0,1.0,0.0
1759474646.0276604,980.0,1.0,0.0
1759474646.143616,980.0,1.0,0.0
1759474646.2283998,980.0,1.0,0.0
1759474646.3290427,980.0,1.0,0.0
1759474646.4357517,980.0,1.0,0.0
1759474646.4438405,980.0,1.0,0.0
1759474646.5343978,980.0,1.0,0.0
1759474646.637544,980.0,1.0,0.0
1759474646.734897,980.0,1.0,0.0
1759474646.8422039,980.0,1.0,0.0
1759474646.9367712,1044.0,1.0,0.0
1759474647.0348272,1044.0,1.0,0.0
1759474647.1375206,1044.0,1.0,0.0
1759474647.2384753,1044.0,1.0,0.0
1759474647.3353882,1044.0,1.0,0.0
1759474647.447385,1073.0,1.0,0.0
1759474647.5330834,1044.0,1.0,0.0
1759474647.6393585,980.0,1.0,0.0
1759474647.7388616,980.0,1.0,0.0
1759474647.8402448,980.0,1.0,0.0
1759474647.9499495,980.0,1.0,0.0
1759474648.0413315,980.0,1.0,0.0
1759474648.144917,980.0,1.0,0.0
1759474648.2368007,980.0,1.0,0.0
1759474648.3360653,980.0,1.0,0.0
1759474648.4431527,980.0,1.0,0.0
1759474648.552853,980.0,1.0,0.0
1759474648.6332252,980.0,1.0,0.0
1759474648.7370768,980.0,1.0,0.0
1759474648.8356242,980.0,1.0,0.0
1759474648.936943,980.0,1.0,0.0
1759474649.0356522,980.0,1.0,0.0
1759474649.1362865,980.0,1.0,0.0
1759474649.2525275,980.0,1.0,0.0
1759474649.3445685,980.0,1.0,0.0
1759474649.440968,980.0,1.0,0.0
1759474649.5365908,980.0,1.0,0.0
1759474649.6407168,980.0,1.0,0.0
1759474649.736707,980.0,1.0,0.0
1759474649.8340352,980.0,1.0,0.0
1759474649.9406328,980.0,1.0,0.0
1759474650.036177,980.0,1.0,0.0
1759474650.137482,980.0,1.0,0.0
1759474650.2345877,980.0,1.0,0.0
1759474650.3351545,980.0,1.0,0.0
1759474650.4373662,980.0,1.0,0.0
1759474650.5375555,980.0,1.0,0.0
1759474650.641919,980.0,1.0,0.0
1759474650.7366683,980.0,1.0,0.0
1759474650.8366034,980.0,1.0,0.0
1759474650.9454098,980.0,1.0,0.0
1759474651.0401042,980.0,1.0,0.0
1759474651.147992,980.0,1.0,0.0
1759474651.2528944,980.0,1.0,0.0
1759474651.3506057,980.0,1.0,0.0
1759474651.4463542,980.0,1.0,0.0
1759474651.5482683,980.0,1.0,0.0
1759474651.6425493,980.0,1.0,0.0
1759474651.7412524,1044.0,1.0,0.0
1759474651.838163,1044.0,1.0,0.0
1759474651.9427552,980.0,1.0,0.0
1759474652.0369608,980.0,1.0,0.0
1759474652.1503057,980.0,1.0,0.0
1759474652.246942,980.0,1.0,0.0
1759474652.3395114,980.0,1.0,0.0
1759474652.4524763,980.0,1.0,0.0
1759474652.5487661,980.0,1.0,0.0
1759474652.6474006,980.0,1.0,0.0
1759474652.7552593,980.0,1.0,0.0
1759474652.8470879,980.0,1.0,0.0
1759474652.9361417,980.0,1.0,0.0
1759474653.0433006,980.0,1.0,0.0
1759474653.141618,980.0,1.0,0.0
1759474653.2401106,980.0,1.0,0.0
1759474653.3454943,980.0,1.0,0.0
1759474653.4515452,980.0,1.0,0.0
1759474653.549058,980.0,1.0,0.0
1759474653.649642,980.0,1.0,0.0
1759474653.7408712,980.0,1.0,0.0
1759474653.8497465,980.0,1.0,0.0
1759474653.9414456,980.0,1.0,0.0
1759474654.0429716,980.0,1.0,0.0
1759474654.1402657,980.0,1.0,0.0
1759474654.2385774,980.0,1.0,0.0
1759474654.3409646,980.0,1.0,0.0
1759474654.4490137,980.0,1.0,0.0
1759474654.552059,980.0,1.0,0.0
1759474654.6354523,980.0,1.0,0.0
1759474654.7437625,980.0,1.0,0.0
1759474654.846014,980.0,1.0,0.0
1759474654.9419487,980.0,1.0,0.0
1759474655.0431023,980.0,1.0,0.0
1759474655.1480143,980.0,1.0,0.0
1759474655.2413676,980.0,1.0,0.0
1759474655.3495731,1044.0,1.0,0.0
1759474655.4576235,1044.0,1.0,0.0
1759474655.5440412,980.0,1.0,0.0
1759474655.6404598,980.0,1.0,0.0
1759474655.7455862,980.0,1.0,0.0
1759474655.8448253,980.0,1.0,0.0
1759474655.9513178,980.0,1.0,0.0
1759474656.0529811,980.0,1.0,0.0
1759474656.1439033,980.0,1.0,0.0
1759474656.2567961,980.0,1.0,0.0
1759474656.3563695,980.0,1.0,0.0
1759474656.4530337,980.0,1.0,0.0
1759474656.5411668,980.0,1.0,0.0
1759474656.6443577,980.0,1.0,0.0
1759474656.7427802,980.0,1.0,0.0
1759474656.8367548,980.0,1.0,0.0
1759474656.946192,980.0,1.0,0.0
1759474657.0479016,980.0,1.0,0.0
1759474657.1411011,980.0,1.0,0.0
1759474657.2497642,980.0,1.0,0.0
1759474657.3478584,980.0,1.0,0.0
1759474657.4542341,980.0,1.0,0.0
1759474657.5526013,980.0,1.0,0.0
1759474657.6439307,980.0,1.0,0.0
1759474657.756326,980.0,1.0,0.0
1759474657.8503225,980.0,1.0,0.0
1759474657.9460437,980.0,1.0,0.0
1759474658.0417929,980.0,1.0,0.0
1759474658.1501443,980.0,1.0,0.0
1759474658.2385674,980.0,1.0,0.0
1759474658.3488247,980.0,1.0,0.0
1759474658.4353712,980.0,1.0,0.0
1759474658.5463285,980.0,1.0,0.0
1759474658.6470914,980.0,1.0,0.0
1759474658.7535489,980.0,1.0,0.0
1759474658.8486855,980.0,1.0,0.0
1759474658.9385738,980.0,1.0,0.0
1759474659.0539606,980.0,1.0,0.0
1759474659.155939,980.0,1.0,0.0
1759474659.2419593,980.0,1.0,0.0
1759474659.263756,980.0,1.0,0.0
1759474659.3467329,980.0,1.0,0.0
1759474659.4502277,980.0,1.0,0.0
1759474659.5556817,980.0,1.0,0.0
1759474659.6596048,1073.0,1.0,1.0
1759474659.7509043,1140.0,1.0,1.0
1759474659.8568559,1209.0,1.0,1.0
1759474659.9530911,1209.0,1.0,1.0
1759474660.0481172,1209.0,1.0,1.0
1759474660.1494384,1140.0,1.0,1.0
1759474660.2523465,1140.0,1.0,1.0
1759474660.3517559,1140.0,1.0,1.0
1759474660.4499269,1209.0,1.0,1.0
1759474660.5621343,1209.0,1.0,1.0
1759474660.6605165,1209.0,1.0,1.0
1759474660.749804,1209.0,1.0,1.0
1759474660.8535893,1280.0,1.0,1.0
1759474660.9509513,1280.0,1.0,1.0
1759474661.055971,1280.0,1.0,1.0
1759474661.1539216,1386.0,1.0,1.0
1759474661.2648523,1386.0,1.0,1.0
1759474661.3563638,1386.0,1.0,1.0
1759474661.4497957,1386.0,1.0,1.0
1759474661.5550692,1386.0,1.0,1.0
1759474661.6551821,1386.0,1.0,1.0
1759474661.6644897,1386.0,1.0,1.0
1759474661.7547555,1386.0,1.0,1.0
1759474661.859204,1386.0,1.0,1.0
1759474661.9468808,1386.0,1.0,1.0
1759474662.0653017,1428.0,1.0,1.0
1759474662.1604934,1428.0,1.0,1.0
1759474662.2617326,1353.0,1.0,1.0
1759474662.2695513,1280.0,1.0,1.0
1759474662.3481612,1280.0,1.0,1.0
1759474662.452498,1280.0,1.0,1.0
1759474662.5481606,1428.0,1.0,1.0
1759474662.64898,1428.0,1.0,1.0
1759474662.6584728,1496.0,1.0,1.0
1759474662.7491796,1540.0,1.0,1.0
1759474662.8534863,1540.0,1.0,1.0
1759474662.947753,1540.0,1.0,1.0
1759474663.0580704,1496.0,1.0,1.0
1759474663.1616585,1462.0,1.0,1.0
1759474663.2593637,1462.0,1.0,1.0
1759474663.3624175,1505.0,1.0,1.0
1759474663.4561555,1386.0,1.0,1.0
1759474663.5623665,1312.0,1.0,1.0
1759474663.6512883,1505.0,1.0,1.0
1759474663.7625644,1505.0,1.0,1.0
1759474663.85478,1462.0,1.0,1.0
1759474663.9500308,1462.0,1.0,1.0
1759474663.9591382,1462.0,1.0,1.0
1759474664.0550215,1540.0,1.0,1.0
1759474664.0626264,1540.0,1.0,1.0
1759474664.1646738,1540.0,1.0,1.0
1759474664.1734602,1462.0,1.0,1.0
1759474664.278973,1386.0,1.0,1.0
1759474664.3702328,1386.0,1.0,1.0
1759474664.3782637,1386.0,1.0,1.0
1759474664.4727104,1386.0,1.0,1.0
1759474664.481716,1312.0,1.0,1.0
1759474664.5931246,1386.0,1.0,1.0
1759474664.6799455,1280.0,1.0,1.0
1759474664.7755065,1312.0,1.0,1.0
1759474664.8811026,1280.0,1.0,1.0
1759474664.9793923,1209.0,1.0,1.0
1759474665.0865042,1209.0,1.0,1.0
1759474665.1878202,1280.0,1.0,1.0
1759474665.2865336,1209.0,1.0,1.0
1759474665.3799925,1209.0,1.0,1.0
1759474665.4904344,1209.0,1.0,1.0
1759474665.5792942,1209.0,1.0,1.0
1759474665.6858945,1209.0,1.0,1.0
1759474665.7810605,1209.0,1.0,1.0
1759474665.7907069,1209.0,1.0,1.0
1759474665.8962111,1280.0,1.0,1.0
1759474665.9957151,1280.0,1.0,1.0
1759474666.0994828,1209.0,1.0,1.0
1759474666.2037284,1280.0,1.0,1.0
1759474666.297295,1178.0,1.0,1.0
1759474666.4031444,1178.0,1.0,1.0
1759474666.4850228,1178.0,1.0,1.0
1759474666.5977273,1178.0,1.0,1.0
1759474666.687875,1178.0,1.0,1.0
1759474666.696688,1140.0,1.0,1.0
1759474666.79011,1140.0,1.0,1.0
1759474666.8875422,1140.0,1.0,1.0
1759474667.0029845,1140.0,1.0,1.0
1759474667.092364,1140.0,1.0,1.0
1759474667.204354,1140.0,1.0,1.0
1759474667.3047945,1140.0,1.0,1.0
1759474667.3987064,1140.0,1.0,1.0
1759474667.407326,1140.0,1.0,1.0
1759474667.505261,1140.0,1.0,1.0
1759474667.6064901,1110.0,1.0,1.0
1759474667.6165938,1110.0,1.0,1.0
1759474667.7177544,1110.0,1.0,1.0
1759474667.8201602,1110.0,1.0,1.0
1759474667.9251208,1110.0,1.0,1.0
1759474668.0196793,1110.0,1.0,1.0
1759474668.1188736,1110.0,1.0,1.0
1759474668.2143774,1110.0,1.0,1.0
1759474668.3228147,1110.0,1.0,1.0
1759474668.424766,1110.0,1.0,1.0
1759474668.517567,1073.0,1.0,1.0
1759474668.6080027,1073.0,1.0,1.0
1759474668.722652,1073.0,1.0,1.0
1759474668.806452,1073.0,1.0,1.0
1759474668.9155948,1073.0,1.0,1.0
1759474669.0072095,1073.0,1.0,1.0
1759474669.0289762,1073.0,1.0,1.0
1759474669.1267896,1073.0,1.0,1.0
1759474669.228034,1073.0,1.0,1.0
1759474669.3286986,1073.0,1.0,1.0
1759474669.4258392,1044.0,1.0,1.0
1759474669.528041,1044.0,1.0,1.0
1759474669.6180623,1044.0,1.0,1.0
1759474669.718491,1044.0,1.0,1.0
1759474669.8284814,1044.0,1.0,1.0
1759474669.9283967,1044.0,1.0,1.0
1759474670.0173478,1044.0,1.0,1.0
1759474670.1323197,1044.0,1.0,1.0
1759474670.2281902,1044.0,1.0,1.0
1759474670.3217494,1044.0,1.0,1.0
1759474670.4202156,980.0,1.0,1.0
1759474670.4284122,980.0,1.0,1.0
1759474670.5281954,980.0,1.0,1.0
1759474670.6222403,980.0,1.0,1.0
1759474670.7219405,980.0,1.0,1.0
1759474670.8324509,980.0,1.0,1.0
1759474670.924212,980.0,1.0,1.0
1759474671.018043,980.0,1.0,1.0
1759474671.1333156,980.0,1.0,1.0
1759474671.2277865,980.0,1.0,1.0
1759474671.3361866,980.0,1.0,1.0
1759474671.4235103,980.0,1.0,1.0
1759474671.527956,980.0,1.0,1.0
1759474671.6340094,980.0,1.0,1.0
1759474671.7260735,980.0,1.0,1.0
1759474671.82255,980.0,1.0,1.0
1759474671.9425335,980.0,1.0,1.0
1759474672.033227,980.0,1.0,1.0
1759474672.1186917,980.0,1.0,1.0
1759474672.2301066,980.0,1.0,1.0
1759474672.327261,980.0,1.0,1.0
1759474672.4285378,980.0,1.0,1.0
1759474672.5421722,980.0,1.0,1.0
1759474672.623156,980.0,1.0,1.0
1759474672.7374787,980.0,1.0,1.0
1759474672.8364482,980.0,1.0,1.0
1759474672.9373431,980.0,1.0,1.0
1759474673.0361133,980.0,1.0,1.0
1759474673.1386707,980.0,1.0,1.0
1759474673.2342553,980.0,1.0,1.0
1759474673.3222775,980.0,1.0,1.0
1759474673.422402,980.0,1.0,1.0
1759474673.526433,980.0,1.0,1.0
1759474673.621063,980.0,1.0,1.0
1759474673.7230752,980.0,1.0,1.0
1759474673.8300915,980.0,1.0,1.0
1759474673.9414215,980.0,1.0,1.0
1759474674.0352423,980.0,1.0,1.0
1759474674.1300068,980.0,1.0,1.0
1759474674.2321138,980.0,1.0,1.0
1759474674.3280125,980.0,1.0,1.0
1759474674.4242787,980.0,1.0,1.0
1759474674.5295925,980.0,1.0,1.0
1759474674.6287155,980.0,1.0,1.0
1759474674.732953,980.0,1.0,1.0
1759474674.8376355,980.0,1.0,1.0
1759474674.9338908,980.0,1.0,1.0
1759474675.0228744,980.0,1.0,1.0
1759474675.1273057,980.0,1.0,1.0
1759474675.223778,980.0,1.0,1.0
1759474675.3357346,980.0,1.0,1.0
1759474675.4238586,980.0,1.0,1.0
1759474675.5438116,1044.0,1.0,1.0
1759474675.623435,980.0,1.0,1.0
1759474675.734971,980.0,1.0,1.0
1759474675.8279455,980.0,1.0,1.0
1759474675.928972,918.0,1.0,1.0
1759474676.0280442,918.0,1.0,1.0
1759474676.1222599,980.0,1.0,1.0
1759474676.2262597,980.0,1.0,1.0
1759474676.3297174,980.0,1.0,1.0
1759474676.4255693,980.0,1.0,1.0
1759474676.5236712,980.0,1.0,1.0
1759474676.6374047,980.0,1.0,1.0
1759474676.7417572,918.0,1.0,1.0
1759474676.8376834,918.0,1.0,1.0
1759474676.9462526,918.0,1.0,1.0
1759474677.032779,858.0,1.0,1.0
1759474677.1364856,858.0,1.0,1.0
1759474677.2223349,858.0,1.0,1.0
1759474677.2338228,858.0,1.0,1.0
1759474677.3354688,858.0,1.0,1.0
1759474677.4360664,918.0,1.0,1.0
1759474677.5363119,918.0,1.0,1.0
1759474677.6318898,918.0,1.0,1.0
1759474677.7334902,918.0,1.0,1.0
1759474677.8425283,980.0,1.0,1.0
1759474677.941014,980.0,1.0,1.0
1759474678.0383291,980.0,1.0,1.0
1759474678.1368232,980.0,1.0,1.0
1759474678.2427664,918.0,1.0,1.0
1759474678.3378975,918.0,1.0,1.0
1759474678.441824,918.0,1.0,1.0
1759474678.5359318,980.0,1.0,1.0
1759474678.543809,918.0,1.0,1.0
1759474678.6446624,918.0,1.0,1.0
1759474678.7426364,918.0,1.0,1.0
1759474678.8419642,918.0,1.0,1.0
1759474678.9339294,918.0,1.0,1.0
1759474679.0466263,918.0,1.0,1.0
1759474679.1470108,918.0,1.0,1.0
1759474679.2295883,980.0,1.0,1.0
1759474679.3318639,980.0,1.0,1.0
1759474679.4286244,980.0,1.0,1.0
1759474679.5251665,980.0,1.0,1.0
1759474679.6245344,980.0,1.0,1.0
1759474679.7283893,980.0,1.0,1.0
1759474679.827775,980.0,1.0,1.0
1759474679.9355376,918.0,1.0,1.0
1759474680.038226,918.0,1.0,1.0
1759474680.1406949,918.0,1.0,1.0
1759474680.2304058,918.0,1.0,1.0
1759474680.3299701,918.0,1.0,1.0
1759474680.4254584,918.0,1.0,1.0
1759474680.5321126,918.0,1.0,1.0
1759474680.6359282,918.0,1.0,1.0
1759474680.7259064,918.0,1.0,1.0
1759474680.8306396,918.0,1.0,1.0
1759474680.936217,918.0,1.0,1.0
1759474681.0300891,918.0,1.0,0.0
1759474681.126705,918.0,1.0,0.0
1759474681.224395,918.0,1.0,0.0
1759474681.2378786,918.0,1.0,0.0
1759474681.3364382,918.0,1.0,0.0
1759474681.4332633,918.0,1.0,0.0
1759474681.5411947,918.0,1.0,0.0
1759474681.6388018,918.0,1.0,0.0
1759474681.7369578,918.0,1.0,0.0
1759474681.8368318,918.0,1.0,0.0
1759474681.935396,918.0,1.0,0.0
1759474682.0354614,918.0,1.0,0.0
1759474682.141654,918.0,1.0,0.0
1759474682.2467325,918.0,1.0,0.0
1759474682.3507006,918.0,1.0,0.0
1759474682.4492733,918.0,1.0,0.0
1759474682.5405903,980.0,1.0,0.0
1759474682.6393833,980.0,1.0,0.0
1759474682.7398841,980.0,1.0,0.0
1759474682.8453963,980.0,1.0,0.0
1759474682.949661,980.0,1.0,0.0
1759474683.037868,980.0,1.0,0.0
1759474683.152462,918.0,1.0,0.0
1759474683.2489352,918.0,1.0,0.0
1759474683.344967,918.0,1.0,0.0
1759474683.4344316,980.0,1.0,0.0
1759474683.537793,918.0,1.0,0.0
1759474683.647411,918.0,1.0,0.0
1759474683.7327714,918.0,1.0,0.0
1759474683.8481476,918.0,1.0,0.0
1759474683.9367995,918.0,1.0,0.0
1759474684.033036,918.0,1.0,0.0
1759474684.1481018,918.0,1.0,0.0
1759474684.2385657,918.0,1.0,0.0
1759474684.349903,858.0,1.0,0.0
1759474684.43556,918.0,1.0,0.0
1759474684.5361114,918.0,1.0,0.0
1759474684.5445085,918.0,1.0,0.0
1759474684.6515198,918.0,1.0,0.0
1759474684.7449644,918.0,1.0,0.0
1759474684.839689,918.0,1.0,0.0
1759474684.9588153,918.0,1.0,0.0
1759474685.0477045,918.0,1.0,0.0
1759474685.150009,918.0,1.0,0.0
1759474685.2426221,918.0,1.0,0.0
1759474685.2525096,858.0,1.0,0.0
1759474685.3531258,918.0,1.0,0.0
1759474685.4577992,918.0,1.0,0.0
1759474685.5614276,858.0,1.0,0.0
1759474685.6614077,858.0,1.0,0.0
1759474685.7519934,858.0,1.0,0.0
1759474685.8488317,858.0,1.0,0.0
1759474685.8574345,858.0,1.0,0.0
1759474685.9637587,918.0,1.0,0.0
1759474686.0666456,918.0,1.0,0.0
1759474686.1689959,980.0,1.0,0.0
1759474686.26251,980.0,1.0,0.0
1759474686.3554993,980.0,1.0,0.0
1759474686.4581363,980.0,1.0,0.0
1759474686.556032,918.0,1.0,0.0
1759474686.6580865,918.0,1.0,0.0
1759474686.7738905,918.0,1.0,0.0
1759474686.8558915,918.0,1.0,0.0
1759474686.9625266,918.0,1.0,0.0
1759474687.0592086,918.0,1.0,0.0
1759474687.1633406,918.0,1.0,0.0
1759474687.2555609,918.0,1.0,0.0
1759474687.3605664,918.0,1.0,0.0
1759474687.462145,918.0,1.0,0.0
1759474687.5589263,980.0,1.0,0.0
1759474687.6683123,980.0,1.0,0.0
1759474687.7703576,980.0,1.0,0.0
1759474687.8615339,980.0,1.0,0.0
1759474687.9612331,980.0,1.0,0.0
1759474688.064557,918.0,1.0,0.0
1759474688.1577148,918.0,1.0,0.0
1759474688.260702,918.0,1.0,0.0
1759474688.3585565,918.0,1.0,0.0
1759474688.4543774,918.0,1.0,0.0
1759474688.5567505,918.0,1.0,0.0
1759474688.666134,918.0,1.0,0.0
1759474688.7670121,980.0,1.0,0.0
1759474688.8555999,918.0,1.0,0.0
1759474688.8772,918.0,1.0,0.0
1759474688.9677477,918.0,1.0,0.0
1759474689.0614257,918.0,1.0,0.0
1759474689.1573913,918.0,1.0,0.0
1759474689.2718284,918.0,1.0,0.0
1759474689.363783,918.0,1.0,0.0
1759474689.4754872,918.0,1.0,0.0
1759474689.5713854,918.0,1.0,0.0
1759474689.6756103,918.0,1.0,0.0
1759474689.772956,918.0,1.0,0.0
1759474689.8787074,980.0,1.0,0.0
1759474689.9713728,980.0,1.0,0.0
1759474690.0743356,980.0,1.0,0.0
1759474690.1759822,980.0,1.0,0.0
1759474690.279006,980.0,1.0,0.0
1759474690.373004,980.0,1.0,0.0
1759474690.46955,980.0,1.0,0.0
1759474690.5698447,980.0,1.0,0.0
1759474690.5796752,980.0,1.0,0.0
1759474690.5885844,980.0,1.0,0.0
1759474690.686261,980.0,1.0,0.0
1759474690.7890942,980.0,1.0,0.0
1759474690.893912,980.0,1.0,0.0
1759474690.9846544,980.0,1.0,0.0
1759474691.0815797,980.0,1.0,0.0
1759474691.1772666,980.0,1.0,0.0
1759474691.2928658,980.0,1.0,0.0
1759474691.3884437,980.0,1.0,0.0
1759474691.4904628,980.0,1.0,0.0
1759474691.575937,980.0,1.0,0.0
1759474691.6843705,980.0,1.0,0.0
1759474691.7756772,980.0,1.0,0.0
1759474691.8887138,980.0,1.0,0.0
1759474691.98552,980.0,1.0,0.0
1759474691.9981382,980.0,1.0,0.0
1759474692.08975,980.0,1.0,0.0
1759474692.1862266,980.0,1.0,0.0
1759474692.2835987,980.0,1.0,0.0
1759474692.3874528,980.0,1.0,0.0
1759474692.4857886,918.0,1.0,0.0
1759474692.5804508,980.0,1.0,0.0
1759474692.6779528,980.0,1.0,0.0
1759474692.6875205,980.0,1.0,0.0
1759474692.791632,980.0,1.0,0.0
1759474692.8946068,980.0,1.0,0.0
1759474692.906083,980.0,1.0,0.0
1759474693.0006561,980.0,1.0,0.0
1759474693.0925865,980.0,1.0,0.0
1759474693.1941783,980.0,1.0,0.0
1759474693.2880337,980.0,1.0,0.0
1759474693.395061,980.0,1.0,0.0
1759474693.4942539,980.0,1.0,0.0
1759474693.603853,918.0,1.0,0.0
1759474693.698892,980.0,1.0,0.0
1759474693.7975261,980.0,1.0,0.0
1759474693.898693,980.0,1.0,0.0
1759474694.0063663,980.0,1.0,0.0
1759474694.0947616,980.0,1.0,0.0
1759474694.1991744,980.0,1.0,0.0
1759474694.2938411,980.0,1.0,0.0
1759474694.3901327,980.0,1.0,0.0
1759474694.5023446,980.0,1.0,0.0
1759474694.6054966,980.0,1.0,0.0
1759474694.6964393,980.0,1.0,0.0
1759474694.8055992,980.0,1.0,0.0
1759474694.8985355,980.0,1.0,0.0
1759474695.0086582,980.0,1.0,0.0
1759474695.0949104,980.0,1.0,0.0
1759474695.1918988,980.0,1.0,0.0
1759474695.305081,980.0,1.0,0.0
1759474695.3961792,980.0,1.0,0.0
1759474695.4951158,980.0,1.0,0.0
1759474695.6026657,980.0,1.0,0.0
1759474695.7077603,980.0,1.0,0.0
1759474695.8082745,980.0,1.0,0.0
1759474695.8925252,980.0,1.0,0.0
1759474696.002314,980.0,1.0,0.0
1759474696.0115185,980.0,1.0,0.0
1759474696.1005151,980.0,1.0,0.0
1759474696.1976664,980.0,1.0,0.0
1759474696.29707,980.0,1.0,0.0
1759474696.4035134,980.0,1.0,0.0
1759474696.507539,980.0,1.0,0.0
1759474696.59644,1044.0,1.0,0.0
1759474696.6974046,1044.0,1.0,0.0
1759474696.805175,1073.0,1.0,0.0
1759474696.8980632,1044.0,1.0,0.0
1759474696.9943793,1073.0,1.0,0.0
1759474697.0940428,1140.0,1.0,0.0
1759474697.2048776,1140.0,1.0,0.0
1759474697.2938159,1140.0,1.0,0.0
1759474697.4078114,1140.0,1.0,0.0
1759474697.493531,1140.0,1.0,0.0
1759474697.6051676,1140.0,1.0,0.0
1759474697.6955793,1140.0,1.0,0.0
1759474697.795542,1140.0,1.0,0.0
1759474697.9040685,1280.0,1.0,0.0
1759474697.9935546,1280.0,1.0,0.0
1759474698.0966096,1386.0,1.0,0.0
1759474698.207021,1419.0,1.0,1.0
1759474698.3049545,1419.0,1.0,1.0
1759474698.3929737,1419.0,1.0,1.0
1759474698.5089855,1419.0,1.0,1.0
1759474698.6110451,1505.0,1.0,1.0
1759474698.6966224,1462.0,1.0,1.0
1759474698.8038251,1462.0,1.0,1.0
1759474698.8970318,1462.0,1.0,1.0
1759474699.0079405,1462.0,1.0,1.0
1759474699.1042297,1496.0,1.0,1.0
1759474699.2106645,1540.0,1.0,1.0
1759474699.3011844,1620.0,1.0,1.0
1759474699.3970876,1496.0,1.0,1.0
1759474699.505972,1496.0,1.0,1.0
1759474699.606212,1584.0,1.0,1.0
1759474699.7053447,1540.0,1.0,1.0
1759474699.7952135,1505.0,1.0,1.0
1759474699.8941786,1505.0,1.0,1.0
1759474700.0017464,1505.0,1.0,1.0
1759474700.1080256,1462.0,1.0,1.0
1759474700.1966822,1386.0,1.0,1.0
1759474700.2944005,1386.0,1.0,1.0
1759474700.3957872,1462.0,1.0,1.0
1759474700.5078554,1386.0,1.0,1.0
1759474700.5966527,1386.0,1.0,1.0
1759474700.7056077,1386.0,1.0,1.0
1759474700.8066607,1386.0,1.0,1.0
1759474700.9075701,1312.0,1.0,1.0
1759474701.0079153,1386.0,1.0,1.0
1759474701.1090038,1386.0,1.0,1.0
1759474701.2037709,1386.0,1.0,1.0
1759474701.212671,1312.0,1.0,1.0
1759474701.3066506,1312.0,1.0,1.0
1759474701.4102724,1280.0,1.0,1.0
1759474701.4962678,1280.0,1.0,1.0
1759474701.6145537,1209.0,1.0,1.0
1759474701.7009006,1209.0,1.0,1.0
1759474701.8099463,1209.0,1.0,1.0
1759474701.9140263,1209.0,1.0,1.0
1759474702.0042617,1209.0,1.0,1.0
1759474702.1014507,1209.0,1.0,1.0
1759474702.1998248,1140.0,1.0,1.0
1759474702.2990754,1140.0,1.0,1.0
1759474702.4139144,1140.0,1.0,1.0
1759474702.5013216,1140.0,1.0,1.0
1759474702.6086855,1140.0,1.0,1.0
1759474702.7001493,1140.0,1.0,1.0
1759474702.8084252,1209.0,1.0,1.0
1759474702.9099538,1209.0,1.0,1.0
1759474703.0101366,1209.0,1.0,1.0
1759474703.106748,1209.0,1.0,1.0
1759474703.1167786,1209.0,1.0,1.0
1759474703.2035956,1209.0,1.0,1.0
1759474703.3025844,1209.0,1.0,1.0
1759474703.398908,1140.0,1.0,1.0
1759474703.50383,1140.0,1.0,1.0
1759474703.6022172,1140.0,1.0,1.0
1759474703.6999722,1140.0,1.0,1.0
1759474703.7970138,1073.0,1.0,1.0
1759474703.8967075,1073.0,1.0,1.0
1759474704.0029736,1140.0,1.0,1.0
1759474704.110906,1140.0,1.0,1.0
1759474704.212965,1140.0,1.0,1.0
1759474704.3072107,1140.0,1.0,1.0
1759474704.4152997,1110.0,1.0,1.0
1759474704.5156677,1110.0,1.0,1.0
1759474704.524358,1110.0,1.0,1.0
1759474704.6181777,1110.0,1.0,1.0
1759474704.72157,1044.0,1.0,1.0
1759474704.818362,1008.0,1.0,1.0
1759474704.9192848,1008.0,1.0,1.0
1759474705.008554,1008.0,1.0,1.0
1759474705.1195254,1110.0,1.0,1.0
1759474705.2177107,1110.0,1.0,1.0
1759474705.3157613,1073.0,1.0,1.0
1759474705.4226263,1073.0,1.0,1.0
1759474705.5222368,1008.0,1.0,1.0
1759474705.6186707,1008.0,1.0,1.0
1759474705.7181175,1008.0,1.0,1.0
1759474705.8245058,918.0,1.0,1.0
1759474705.9208035,980.0,1.0,1.0
1759474706.0169513,1044.0,1.0,1.0
1759474706.1219652,1044.0,1.0,1.0
1759474706.2220275,1044.0,1.0,1.0
1759474706.324408,918.0,1.0,1.0
1759474706.419222,918.0,1.0,1.0
1759474706.518291,918.0,1.0,1.0
1759474706.5275724,858.0,1.0,1.0
1759474706.6120312,858.0,1.0,1.0
1759474706.7120714,858.0,1.0,1.0
1759474706.8225405,918.0,1.0,1.0
1759474706.9254994,918.0,1.0,1.0
1759474707.0234969,980.0,1.0,1.0
1759474707.0314798,980.0,1.0,1.0
1759474707.135381,980.0,1.0,1.0
1759474707.2192757,980.0,1.0,1.0
1759474707.3184345,918.0,1.0,1.0
1759474707.438524,918.0,1.0,1.0
1759474707.5219648,918.0,1.0,1.0
1759474707.6343818,918.0,1.0,1.0
1759474707.7328928,918.0,1.0,1.0
1759474707.8233438,918.0,1.0,1.0
1759474707.933862,918.0,1.0,1.0
1759474708.0303872,918.0,1.0,1.0
1759474708.1248434,980.0,1.0,1.0
1759474708.2208505,980.0,1.0,1.0
1759474708.325742,918.0,1.0,1.0
1759474708.4231634,918.0,1.0,1.0
1759474708.4309385,918.0,1.0,1.0
1759474708.5432246,918.0,1.0,1.0
1759474708.6396072,918.0,1.0,1.0
1759474708.7404199,918.0,1.0,1.0
1759474708.8444288,918.0,1.0,1.0
1759474708.9458854,918.0,1.0,1.0
1759474709.0319216,918.0,1.0,1.0
1759474709.1403894,918.0,1.0,1.0
1759474709.2461367,918.0,1.0,1.0
1759474709.346311,918.0,1.0,1.0
1759474709.429889,918.0,1.0,1.0
1759474709.5288303,980.0,1.0,1.0
1759474709.63431,918.0,1.0,1.0
1759474709.743027,918.0,1.0,1.0
1759474709.8293555,918.0,1.0,1.0
1759474709.929597,858.0,1.0,1.0
1759474710.0336165,858.0,1.0,1.0
1759474710.1366787,918.0,1.0,1.0
1759474710.2287245,858.0,1.0,1.0
1759474710.333715,858.0,1.0,1.0
1759474710.4431188,918.0,1.0,1.0
1759474710.5353184,858.0,1.0,1.0
1759474710.6403348,858.0,1.0,1.0
1759474710.731782,858.0,1.0,1.0
1759474710.8347712,858.0,1.0,1.0
1759474710.9338818,918.0,1.0,1.0
1759474711.0323062,918.0,1.0,1.0
1759474711.1445527,918.0,1.0,1.0
1759474711.2352016,918.0,1.0,1.0
1759474711.343501,918.0,1.0,1.0
1759474711.4314885,918.0,1.0,1.0
1759474711.54498,918.0,1.0,1.0
1759474711.634529,918.0,1.0,1.0
1759474711.7342072,918.0,1.0,1.0
1759474711.8348768,918.0,1.0,1.0
1759474711.9350948,918.0,1.0,1.0
1759474712.0505307,918.0,1.0,1.0
1759474712.133871,918.0,1.0,1.0
1759474712.230421,918.0,1.0,1.0
1759474712.3337665,918.0,1.0,1.0
1759474712.445243,918.0,1.0,1.0
1759474712.5489085,918.0,1.0,1.0
1759474712.639977,918.0,1.0,1.0
1759474712.7338078,918.0,1.0,1.0
1759474712.8352993,918.0,1.0,1.0
1759474712.944476,918.0,1.0,1.0
1759474713.0340793,918.0,1.0,1.0
1759474713.1321034,918.0,1.0,1.0
1759474713.236377,918.0,1.0,1.0
1759474713.3357282,918.0,1.0,1.0
1759474713.4309115,918.0,1.0,1.0
1759474713.5363264,918.0,1.0,1.0
1759474713.6345716,918.0,1.0,1.0
1759474713.7334957,918.0,1.0,1.0
1759474713.8426712,918.0,1.0,1.0
1759474713.9479895,918.0,1.0,1.0
1759474714.0498648,918.0,1.0,1.0
1759474714.1368208,918.0,1.0,1.0
1759474714.237209,918.0,1.0,1.0
1759474714.3352013,918.0,1.0,1.0
1759474714.437846,918.0,1.0,1.0
1759474714.53535,918.0,1.0,1.0
1759474714.6525123,918.0,1.0,1.0
1759474714.7459257,918.0,1.0,1.0
1759474714.8382847,918.0,1.0,1.0
1759474714.947567,918.0,1.0,1.0
1759474715.045655,918.0,1.0,1.0
1759474715.1385481,918.0,1.0,1.0
1759474715.2505484,918.0,1.0,1.0
1759474715.34689,918.0,1.0,1.0
1759474715.4362066,918.0,1.0,1.0
1759474715.5388324,918.0,1.0,1.0
1759474715.6396847,918.0,1.0,1.0
1759474715.7418199,918.0,1.0,1.0
1759474715.845495,918.0,1.0,1.0
1759474715.9431758,918.0,1.0,1.0
1759474716.0512083,918.0,1.0,1.0
1759474716.147077,918.0,1.0,1.0
1759474716.2467628,918.0,1.0,1.0
1759474716.341419,918.0,1.0,1.0
1759474716.437582,918.0,1.0,1.0
1759474716.535296,918.0,1.0,1.0
1759474716.6481845,918.0,1.0,1.0
1759474716.7518888,918.0,1.0,1.0
1759474716.8389251,918.0,1.0,1.0
1759474716.8512971,918.0,1.0,1.0
1759474716.9423578,918.0,1.0,1.0
1759474716.950697,918.0,1.0,1.0
1759474717.057519,918.0,1.0,1.0
1759474717.1488569,918.0,1.0,1.0
1759474717.261413,918.0,1.0,1.0
1759474717.3606348,918.0,1.0,1.0
1759474717.4480243,918.0,1.0,1.0
1759474717.5473902,918.0,1.0,1.0
1759474717.651296,918.0,1.0,1.0
1759474717.7652102,918.0,1.0,1.0
1759474717.858183,918.0,1.0,1.0
1759474717.960716,918.0,1.0,1.0
1759474718.0635788,918.0,1.0,1.0
1759474718.150838,918.0,1.0,1.0
1759474718.1708708,918.0,1.0,1.0
1759474718.264156,918.0,1.0,1.0
1759474718.3671427,918.0,1.0,1.0
1759474718.4672952,918.0,1.0,1.0
1759474718.5517325,918.0,1.0,1.0
1759474718.6526701,918.0,1.0,1.0
1759474718.7535489,918.0,1.0,1.0
1759474718.8647058,918.0,1.0,1.0
1759474718.952805,918.0,1.0,1.0
1759474719.0568273,918.0,1.0,1.0
1759474719.0762415,918.0,1.0,1.0
1759474719.1775522,918.0,1.0,1.0
1759474719.2659998,918.0,1.0,1.0
1759474719.3764942,918.0,1.0,1.0
1759474719.4639652,918.0,1.0,1.0
1759474719.5659006,918.0,1.0,1.0
1759474719.6783516,918.0,1.0,1.0
1759474719.7727213,918.0,1.0,1.0
1759474719.8716397,918.0,1.0,1.0
1759474719.964752,918.0,1.0,1.0
1759474720.0629342,918.0,1.0,1.0
1759474720.1761773,918.0,1.0,1.0
1759474720.274705,918.0,1.0,1.0
1759474720.37614,918.0,1.0,1.0
1759474720.4614427,918.0,1.0,1.0
1759474720.565211,918.0,1.0,1.0
1759474720.6726782,918.0,1.0,1.0
1759474720.7690165,918.0,1.0,1.0
1759474720.8668077,918.0,1.0,1.0
1759474720.9661703,918.0,1.0,1.0
1759474721.0645719,918.0,1.0,1.0
1759474721.161419,918.0,1.0,1.0
1759474721.2685916,918.0,1.0,1.0
1759474721.3684096,918.0,1.0,1.0
1759474721.4643621,918.0,1.0,1.0
1759474721.575598,918.0,1.0,1.0
1759474721.6813157,918.0,1.0,1.0
1759474721.7773862,918.0,1.0,1.0
1759474721.8763356,918.0,1.0,1.0
1759474721.9730809,918.0,1.0,1.0
1759474722.0681806,918.0,1.0,1.0
1759474722.1647224,918.0,1.0,1.0
1759474722.2616873,918.0,1.0,1.0
1759474722.3733442,918.0,1.0,1.0
1759474722.4651968,918.0,1.0,1.0
1759474722.5662272,918.0,1.0,1.0
1759474722.6656773,918.0,1.0,1.0
1759474722.7733068,918.0,1.0,1.0
1759474722.876851,918.0,1.0,1.0
1759474722.9784214,918.0,1.0,0.0
1759474723.0743651,918.0,1.0,0.0
1759474723.1746953,918.0,1.0,0.0
1759474723.26678,918.0,1.0,0.0
1759474723.366177,918.0,1.0,0.0
1759474723.4738777,918.0,1.0,0.0
1759474723.561495,918.0,1.0,0.0
1759474723.670922,918.0,1.0,0.0
1759474723.779317,918.0,1.0,0.0
1759474723.8756478,918.0,1.0,0.0
1759474723.9768457,918.0,1.0,0.0
1759474724.0783806,918.0,1.0,0.0
1759474724.1774445,918.0,1.0,0.0
1759474724.275188,918.0,1.0,0.0
1759474724.3641753,918.0,1.0,0.0
1759474724.468299,918.0,1.0,0.0
1759474724.5787327,918.0,1.0,0.0
1759474724.6747718,918.0,1.0,0.0
1759474724.7646265,918.0,1.0,0.0
1759474724.8759124,918.0,1.0,0.0
1759474724.9774547,918.0,1.0,0.0
1759474725.07428,918.0,1.0,0.0
1759474725.1772742,918.0,1.0,0.0
1759474725.267167,918.0,1.0,0.0
1759474725.3769538,918.0,1.0,0.0
1759474725.464708,918.0,1.0,0.0
1759474725.5768235,918.0,1.0,0.0
1759474725.6688852,918.0,1.0,0.0
1759474725.7791777,918.0,1.0,0.0
1759474725.8756392,918.0,1.0,0.0
1759474725.9693809,918.0,1.0,0.0
1759474726.0679734,918.0,1.0,0.0
1759474726.1689372,918.0,1.0,0.0
1759474726.2768357,918.0,1.0,0.0
1759474726.3683271,918.0,1.0,0.0
1759474726.4804783,918.0,1.0,0.0
1759474726.5783565,918.0,1.0,0.0
1759474726.680668,918.0,1.0,0.0
1759474726.7710268,918.0,1.0,0.0
1759474726.882771,918.0,1.0,0.0
1759474726.9826002,918.0,1.0,0.0
1759474727.0782332,918.0,1.0,0.0
1759474727.1827447,918.0,1.0,0.0
1759474727.278802,918.0,1.0,0.0
1759474727.3771472,918.0,1.0,0.0
1759474727.4755287,918.0,1.0,0.0
1759474727.5792606,918.0,1.0,0.0
1759474727.6807127,918.0,1.0,0.0
1759474727.776341,918.0,1.0,0.0
1759474727.884512,918.0,1.0,0.0
1759474727.9801772,918.0,1.0,0.0
1759474728.07885,918.0,1.0,0.0
1759474728.1779993,918.0,1.0,0.0
1759474728.2780623,918.0,1.0,0.0
1759474728.3725479,918.0,1.0,0.0
1759474728.4700923,918.0,1.0,0.0
1759474728.5682967,918.0,1.0,0.0
1759474728.6688147,918.0,1.0,0.0
1759474728.7711463,918.0,1.0,0.0
1759474728.8712444,918.0,1.0,0.0
1759474728.9793265,918.0,1.0,0.0
1759474729.0687056,918.0,1.0,0.0
1759474729.1837018,918.0,1.0,0.0
1759474729.2813249,918.0,1.0,0.0
1759474729.3769615,918.0,1.0,0.0
1759474729.4694538,918.0,1.0,0.0
1759474729.5819292,918.0,1.0,0.0
1759474729.6810405,918.0,1.0,0.0
1759474729.7794425,918.0,1.0,0.0
1759474729.8698,918.0,1.0,0.0
1759474729.9802315,918.0,1.0,0.0
1759474730.0686781,918.0,1.0,0.0
1759474730.184653,918.0,1.0,0.0
1759474730.2805774,918.0,1.0,0.0
1759474730.3707335,918.0,1.0,0.0
1759474730.4727955,918.0,1.0,0.0
1759474730.567949,918.0,1.0,0.0
1759474730.6835873,918.0,1.0,0.0
1759474730.7717535,918.0,1.0,0.0
1759474730.8733878,918.0,1.0,0.0
1759474730.9808502,918.0,1.0,0.0
1759474731.0840077,918.0,1.0,0.0
1759474731.1750023,918.0,1.0,0.0
1759474731.283733,918.0,1.0,0.0
1759474731.3667612,918.0,1.0,0.0
1759474731.4708977,918.0,1.0,0.0
1759474731.575149,918.0,1.0,0.0
1759474731.670537,918.0,1.0,0.0
1759474731.7710607,918.0,1.0,0.0
1759474731.8745859,918.0,1.0,0.0
1759474731.984985,918.0,1.0,0.0
1759474732.0801785,918.0,1.0,0.0
1759474732.1708832,918.0,1.0,0.0
1759474732.2749825,918.0,1.0,0.0
1759474732.3738823,918.0,1.0,0.0
1759474732.4701762,918.0,1.0,0.0
1759474732.5825107,918.0,1.0,0.0
1759474732.6751914,918.0,1.0,0.0
1759474732.7842402,918.0,1.0,0.0
1759474732.8700285,980.0,1.0,0.0
1759474732.9723322,980.0,1.0,0.0
1759474733.0847032,980.0,1.0,0.0
1759474733.1775472,980.0,1.0,0.0
1759474733.2891548,980.0,1.0,0.0
1759474733.3847854,918.0,1.0,0.0
1759474733.4747362,918.0,1.0,0.0
1759474733.5836704,918.0,1.0,0.0
1759474733.6843324,918.0,1.0,0.0
1759474733.7895062,918.0,1.0,0.0
1759474733.872317,918.0,1.0,0.0
1759474733.9751124,918.0,1.0,0.0
1759474734.0698516,918.0,1.0,0.0
1759474734.177771,918.0,1.0,0.0
1759474734.2755284,918.0,1.0,0.0
1759474734.38738,918.0,1.0,0.0
1759474734.4813604,918.0,1.0,0.0
1759474734.5828097,918.0,1.0,0.0
1759474734.6736505,918.0,1.0,0.0
1759474734.7750144,918.0,1.0,0.0
1759474734.880582,918.0,1.0,0.0
1759474734.9727173,918.0,1.0,0.0
1759474735.075483,918.0,1.0,0.0
1759474735.1747262,918.0,1.0,0.0
1759474735.2712395,918.0,1.0,0.0
1759474735.3763006,918.0,1.0,0.0
1759474735.475218,918.0,1.0,0.0
1759474735.5755239,918.0,1.0,0.0
1759474735.5950994,918.0,1.0,0.0
1759474735.679014,918.0,1.0,0.0
1759474735.791625,918.0,1.0,0.0
1759474735.8771398,918.0,1.0,0.0
1759474735.980692,918.0,1.0,0.0
1759474736.0784645,918.0,1.0,0.0
1759474736.1786444,918.0,1.0,0.0
1759474736.2920675,918.0,1.0,0.0
1759474736.3787344,918.0,1.0,0.0
1759474736.489254,918.0,1.0,0.0
1759474736.4982388,918.0,1.0,0.0
1759474736.5930521,918.0,1.0,0.0
1759474736.6013741,918.0,1.0,0.0
1759474736.698021,918.0,1.0,0.0
1759474736.798323,918.0,1.0,0.0
1759474736.8958938,918.0,1.0,0.0
1759474736.996063,918.0,1.0,0.0
1759474737.0970814,918.0,1.0,0.0
1759474737.1971745,918.0,1.0,0.0
1759474737.2969317,918.0,1.0,0.0
1759474737.396533,918.0,1.0,0.0
1759474737.4967139,918.0,1.0,0.0
1759474737.5961168,918.0,1.0,0.0
1759474737.6854846,918.0,1.0,0.0
1759474737.6948533,918.0,1.0,0.0
1759474737.8057451,918.0,1.0,0.0
1759474737.9059298,918.0,1.0,0.0
1759474738.0019011,918.0,1.0,0.0
1759474738.0962815,918.0,1.0,0.0
1759474738.1945603,918.0,1.0,0.0
1759474738.2949178,918.0,1.0,0.0
1759474738.391924,918.0,1.0,0.0
1759474738.4948938,918.0,1.0,0.0
1759474738.597221,918.0,1.0,0.0
1759474738.7041707,918.0,1.0,0.0
1759474738.7136483,918.0,1.0,0.0
1759474738.8130672,918.0,1.0,0.0
1759474738.9112048,918.0,1.0,0.0
1759474739.0097823,918.0,1.0,0.0
1759474739.1093647,918.0,1.0,0.0
1759474739.1195226,918.0,1.0,0.0
1759474739.2173574,918.0,1.0,0.0
1759474739.3149524,918.0,1.0,0.0
1759474739.408386,918.0,1.0,0.0
1759474739.5173397,918.0,1.0,0.0
1759474739.6083612,980.0,1.0,0.0
1759474739.7101898,918.0,1.0,0.0
1759474739.8202143,918.0,1.0,0.0
1759474739.9081624,918.0,1.0,0.0
1759474740.0058122,980.0,1.0,0.0
1759474740.1184337,980.0,1.0,0.0
1759474740.222035,980.0,1.0,0.0
1759474740.3192565,980.0,1.0,0.0
1759474740.415807,980.0,1.0,0.0
1759474740.4253662,980.0,1.0,0.0
1759474740.506543,980.0,1.0,0.0
1759474740.61093,980.0,1.0,0.0
1759474740.7191694,980.0,1.0,0.0
1759474740.8182821,980.0,1.0,0.0
1759474740.9198592,980.0,1.0,0.0
1759474741.0202909,980.0,1.0,0.0
1759474741.1107528,980.0,1.0,0.0
1759474741.218265,980.0,1.0,0.0
1759474741.3068645,980.0,1.0,0.0
1759474741.40887,980.0,1.0,0.0
1759474741.5103118,980.0,1.0,1.0
1759474741.608967,980.0,1.0,1.0
1759474741.7241476,980.0,1.0,1.0
1759474741.8105834,980.0,1.0,1.0
1759474741.9124985,980.0,1.0,1.0
1759474742.0179195,980.0,1.0,1.0
1759474742.118039,980.0,1.0,1.0
1759474742.2210407,980.0,1.0,1.0
1759474742.309743,980.0,1.0,1.0
1759474742.4179232,980.0,1.0,1.0
1759474742.5122566,980.0,1.0,1.0
1759474742.6204793,980.0,1.0,1.0
1759474742.7090523,980.0,1.0,1.0
1759474742.727036,980.0,1.0,1.0
1759474742.808095,980.0,1.0,1.0
1759474742.9220514,980.0,1.0,1.0
1759474743.012437,918.0,1.0,1.0
1759474743.1224968,918.0,1.0,1.0
1759474743.218817,918.0,1.0,1.0
1759474743.3134608,918.0,1.0,1.0
1759474743.4124594,918.0,1.0,1.0
1759474743.5198388,918.0,1.0,1.0
1759474743.5275578,918.0,1.0,1.0
1759474743.6091573,918.0,1.0,1.0
1759474743.7219586,918.0,1.0,1.0
1759474743.812771,918.0,1.0,1.0
1759474743.9197142,918.0,1.0,1.0
1759474744.0208316,918.0,1.0,1.0
1759474744.1242816,918.0,1.0,1.0
1759474744.224825,918.0,1.0,1.0
1759474744.322557,918.0,1.0,1.0
1759474744.3306365,918.0,1.0,1.0
1759474744.4224308,918.0,1.0,1.0
1759474744.4304354,918.0,1.0,1.0
1759474744.5277202,918.0,1.0,1.0
1759474744.628095,918.0,1.0,1.0
1759474744.7334468,918.0,1.0,1.0
1759474744.8271403,918.0,1.0,1.0
1759474744.9293945,980.0,1.0,1.0
1759474744.9389071,918.0,1.0,1.0
1759474745.0347605,918.0,1.0,1.0
1759474745.1317558,918.0,1.0,1.0
1759474745.2317848,918.0,1.0,1.0
1759474745.3298903,918.0,1.0,1.0
1759474745.43154,918.0,1.0,1.0
1759474745.5323904,918.0,1.0,1.0
1759474745.6325653,918.0,1.0,1.0
1759474745.728698,918.0,1.0,1.0
1759474745.8289812,918.0,1.0,1.0
1759474745.9224067,918.0,1.0,1.0
1759474746.0204518,918.0,1.0,1.0
1759474746.1200883,918.0,1.0,1.0
1759474746.218122,918.0,1.0,1.0
1759474746.3311667,918.0,1.0,1.0
1759474746.4199293,918.0,1.0,1.0
1759474746.529535,918.0,1.0,1.0
1759474746.6292145,918.0,1.0,1.0
1759474746.6380634,918.0,1.0,1.0
1759474746.7241488,918.0,1.0,1.0
1759474746.833081,918.0,1.0,1.0
1759474746.9193122,918.0,1.0,1.0
1759474747.0322394,918.0,1.0,1.0
1759474747.122386,918.0,1.0,1.0
1759474747.236472,918.0,1.0,1.0
1759474747.3213863,918.0,1.0,1.0
1759474747.3331923,918.0,1.0,1.0
1759474747.4256783,918.0,1.0,1.0
1759474747.526855,918.0,1.0,1.0
1759474747.6292956,918.0,1.0,1.0
1759474747.7257931,918.0,1.0,1.0
1759474747.838752,918.0,1.0,1.0
1759474747.9306664,918.0,1.0,1.0
1759474748.0386827,918.0,1.0,1.0
1759474748.1329398,858.0,1.0,1.0
1759474748.22701,858.0,1.0,1.0
1759474748.3258471,858.0,1.0,1.0
1759474748.4347475,858.0,1.0,1.0
1759474748.528539,858.0,1.0,1.0
1759474748.624798,858.0,1.0,1.0
1759474748.7222536,918.0,1.0,1.0
1759474748.821937,918.0,1.0,1.0
1759474748.8309114,918.0,1.0,1.0
1759474748.941003,918.0,1.0,1.0
1759474749.0448813,918.0,1.0,1.0
1759474749.1414783,918.0,1.0,1.0
1759474749.2329266,858.0,1.0,1.0
1759474749.3336139,858.0,1.0,1.0
1759474749.3543782,858.0,1.0,1.0
1759474749.45572,918.0,1.0,1.0
1759474749.5414572,918.0,1.0,1.0
1759474749.641809,918.0,1.0,1.0
1759474749.6494882,858.0,1.0,1.0
1759474749.7417548,858.0,1.0,1.0
1759474749.7629905,858.0,1.0,1.0
1759474749.8647797,858.0,1.0,1.0
1759474749.9636898,858.0,1.0,1.0
1759474750.0556495,918.0,1.0,1.0
1759474750.150166,918.0,1.0,1.0
1759474750.2595708,918.0,1.0,1.0
1759474750.3533654,918.0,1.0,1.0
1759474750.4582329,858.0,1.0,1.0
1759474750.5625558,858.0,1.0,1.0
1759474750.6501117,918.0,1.0,1.0
1759474750.754193,858.0,1.0,1.0
1759474750.8657956,858.0,1.0,1.0
1759474750.9632816,858.0,1.0,1.0
1759474751.0495303,918.0,1.0,1.0
1759474751.15869,918.0,1.0,1.0
1759474751.2677622,918.0,1.0,1.0
1759474751.3604088,858.0,1.0,1.0
1759474751.4636123,858.0,1.0,1.0
1759474751.5664694,858.0,1.0,1.0
1759474751.6652167,858.0,1.0,1.0
1759474751.753254,918.0,1.0,1.0
1759474751.8580263,918.0,1.0,1.0
1759474751.9678884,858.0,1.0,1.0
1759474752.0582464,918.0,1.0,1.0
1759474752.1641533,918.0,1.0,1.0
1759474752.2562962,918.0,1.0,1.0
1759474752.3601665,918.0,1.0,1.0
1759474752.4573736,918.0,1.0,1.0
1759474752.551886,918.0,1.0,1.0
1759474752.6561756,858.0,1.0,1.0
1759474752.7662318,858.0,1.0,1.0
1759474752.8657436,918.0,1.0,1.0
1759474752.9599743,918.0,1.0,1.0
1759474753.0570395,918.0,1.0,1.0
1759474753.1657054,918.0,1.0,1.0
1759474753.2540212,918.0,1.0,1.0
1759474753.3640912,918.0,1.0,1.0
1759474753.454366,858.0,1.0,1.0
1759474753.5559723,858.0,1.0,1.0
1759474753.6559162,858.0,1.0,1.0
1759474753.7543375,858.0,1.0,1.0
1759474753.8591661,858.0,1.0,1.0
1759474753.9573238,858.0,1.0,1.0
1759474754.0531065,858.0,1.0,1.0
1759474754.152476,800.0,1.0,1.0
1759474754.2567887,858.0,1.0,1.0
1759474754.3659878,918.0,1.0,1.0
1759474754.4536095,858.0,1.0,1.0
1759474754.5533314,858.0,1.0,1.0
1759474754.6661112,858.0,1.0,1.0
1759474754.7680202,858.0,1.0,1.0
1759474754.8641944,858.0,1.0,1.0
1759474754.873167,918.0,1.0,1.0
1759474754.9723167,918.0,1.0,1.0
1759474755.0695252,918.0,1.0,1.0
1759474755.1672254,858.0,1.0,1.0
1759474755.2723653,858.0,1.0,1.0
1759474755.3688445,858.0,1.0,1.0
1759474755.4722002,858.0,1.0,1.0
1759474755.5668924,858.0,1.0,1.0
1759474755.6680334,858.0,1.0,1.0
1759474755.7705233,858.0,1.0,1.0
1759474755.8746116,858.0,1.0,1.0
1759474755.968464,858.0,1.0,1.0
1759474756.0692706,858.0,1.0,1.0
1759474756.1707702,858.0,1.0,1.0
1759474756.2644303,858.0,1.0,1.0
1759474756.3725657,858.0,1.0,1.0
1759474756.4579084,858.0,1.0,1.0
1759474756.4657965,858.0,1.0,1.0
1759474756.5736902,858.0,1.0,1.0
1759474756.6753154,858.0,1.0,1.0
1759474756.7748952,858.0,1.0,1.0
1759474756.7824845,858.0,1.0,1.0
1759474756.8677018,858.0,1.0,1.0
1759474756.9755905,858.0,1.0,1.0
1759474757.0768447,858.0,1.0,1.0
1759474757.1749523,858.0,1.0,1.0
1759474757.1837897,858.0,1.0,1.0
1759474757.2786167,918.0,1.0,1.0
1759474757.3720417,858.0,1.0,1.0
1759474757.4624329,858.0,1.0,1.0
1759474757.4726186,918.0,1.0,1.0
1759474757.5899649,858.0,1.0,1.0
1759474757.6818995,858.0,1.0,1.0
1759474757.7861884,858.0,1.0,1.0
1759474757.8795195,858.0,1.0,1.0
1759474757.9791005,858.0,1.0,1.0
1759474758.0736856,858.0,1.0,1.0
1759474758.1871786,858.0,1.0,1.0
1759474758.280143,858.0,1.0,1.0
1759474758.3852482,858.0,1.0,1.0
1759474758.4866877,858.0,1.0,1.0
1759474758.586681,858.0,1.0,1.0
1759474758.6824248,858.0,1.0,1.0
1759474758.7805142,858.0,1.0,1.0
1759474758.8698268,858.0,1.0,1.0
1759474758.9740636,858.0,1.0,1.0
1759474759.071836,858.0,1.0,1.0
1759474759.1733046,858.0,1.0,1.0
1759474759.278611,858.0,1.0,1.0
1759474759.3827755,858.0,1.0,1.0
1759474759.4798865,858.0,1.0,1.0
1759474759.578247,858.0,1.0,1.0
1759474759.6802065,858.0,1.0,1.0
1759474759.7802465,858.0,1.0,1.0
1759474759.8785386,858.0,1.0,1.0
1759474759.9764748,858.0,1.0,1.0
1759474760.0723057,858.0,1.0,1.0
1759474760.1726055,858.0,1.0,1.0
1759474760.2742238,858.0,1.0,1.0
1759474760.3723016,858.0,1.0,1.0
1759474760.4819796,858.0,1.0,1.0
1759474760.5679376,858.0,1.0,1.0
1759474760.6793482,858.0,1.0,1.0
1759474760.7709343,858.0,1.0,1.0
1759474760.875691,858.0,1.0,1.0
1759474760.971307,858.0,1.0,1.0
1759474761.0790591,858.0,1.0,1.0
1759474761.1880372,858.0,1.0,1.0
1759474761.275264,858.0,1.0,1.0
1759474761.3911278,858.0,1.0,1.0
1759474761.4730837,858.0,1.0,1.0
1759474761.5769737,858.0,1.0,1.0
1759474761.6762862,858.0,1.0,1.0
1759474761.7754655,858.0,1.0,0.0
1759474761.8881664,858.0,1.0,0.0
1759474761.9901173,858.0,1.0,0.0
1759474762.082085,858.0,1.0,0.0
1759474762.178297,858.0,1.0,0.0
1759474762.276944,858.0,1.0,0.0
1759474762.3797774,858.0,1.0,0.0
1759474762.4852216,858.0,1.0,0.0
1759474762.5722635,858.0,1.0,0.0
1759474762.6878529,858.0,1.0,0.0
1759474762.787479,858.0,1.0,0.0
1759474762.8878188,858.0,1.0,0.0
1759474762.9744248,858.0,1.0,0.0
1759474763.0873244,858.0,1.0,0.0
1759474763.193618,858.0,1.0,0.0
1759474763.2872763,858.0,1.0,0.0
1759474763.3827567,858.0,1.0,0.0
1759474763.483693,858.0,1.0,0.0
1759474763.5748096,858.0,1.0,0.0
1759474763.6760883,858.0,1.0,0.0
1759474763.791322,858.0,1.0,0.0
1759474763.876516,858.0,1.0,0.0
1759474763.989259,858.0,1.0,0.0
1759474764.0740652,858.0,1.0,0.0
1759474764.1798348,858.0,1.0,0.0
1759474764.287423,858.0,1.0,0.0
1759474764.3757727,858.0,1.0,0.0
1759474764.474832,858.0,1.0,0.0
1759474764.5743318,858.0,1.0,0.0
1759474764.6801124,858.0,1.0,0.0
1759474764.7821481,858.0,1.0,0.0
1759474764.8842082,858.0,1.0,0.0
1759474764.982418,858.0,1.0,0.0
1759474765.0797176,858.0,1.0,0.0
1759474765.1825652,858.0,1.0,0.0
1759474765.302289,858.0,1.0,0.0
1759474765.3948426,858.0,1.0,0.0
1759474765.4802332,858.0,1.0,0.0
1759474765.580686,858.0,1.0,0.0
1759474765.6970844,858.0,1.0,0.0
1759474765.7825208,858.0,1.0,0.0
1759474765.878089,858.0,1.0,0.0
1759474765.9919379,858.0,1.0,0.0
1759474766.076009,858.0,1.0,0.0
1759474766.187211,858.0,1.0,0.0
1759474766.2812018,858.0,1.0,0.0
1759474766.3931465,858.0,1.0,0.0
1759474766.4894416,858.0,1.0,0.0
1759474766.5934267,858.0,1.0,0.0
1759474766.6971638,858.0,1.0,0.0
1759474766.7878108,858.0,1.0,0.0
1759474766.886588,858.0,1.0,0.0
1759474766.9907558,858.0,1.0,0.0
1759474767.0923102,858.0,1.0,0.0
1759474767.1849597,858.0,1.0,0.0
1759474767.2843502,858.0,1.0,0.0
1759474767.3963146,858.0,1.0,0.0
1759474767.4905062,858.0,1.0,0.0
1759474767.5734098,858.0,1.0,0.0
1759474767.6908488,858.0,1.0,0.0
1759474767.778017,858.0,1.0,0.0
1759474767.8866541,858.0,1.0,0.0
1759474767.9736593,858.0,1.0,0.0
1759474768.0732057,858.0,1.0,0.0
1759474768.1982205,858.0,1.0,0.0
1759474768.2816546,858.0,1.0,0.0
1759474768.3741431,858.0,1.0,0.0
1759474768.488952,858.0,1.0,0.0
1759474768.577986,858.0,1.0,0.0
1759474768.6893048,858.0,1.0,0.0
1759474768.7909815,858.0,1.0,0.0
1759474768.8857596,858.0,1.0,0.0
1759474768.9900286,858.0,1.0,0.0
1759474769.0879467,858.0,1.0,0.0
1759474769.186525,858.0,1.0,0.0
1759474769.285494,858.0,1.0,0.0
1759474769.383502,858.0,1.0,0.0
1759474769.4824264,858.0,1.0,0.0
1759474769.594631,858.0,1.0,0.0
1759474769.6877518,858.0,1.0,0.0
1759474769.784169,858.0,1.0,0.0
1759474769.8920238,858.0,1.0,0.0
1759474769.9863305,858.0,1.0,0.0
1759474770.0861218,858.0,1.0,0.0
1759474770.187653,858.0,1.0,0.0
1759474770.276319,858.0,1.0,0.0
1759474770.3792384,858.0,1.0,0.0
1759474770.4820497,858.0,1.0,0.0
1759474770.59551,858.0,1.0,0.0
1759474770.67855,858.0,1.0,0.0
1759474770.7757275,858.0,1.0,0.0
1759474770.879232,858.0,1.0,0.0
1759474770.979291,858.0,1.0,0.0
1759474771.079808,858.0,1.0,0.0
1759474771.0883627,858.0,1.0,0.0
1759474771.2008116,858.0,1.0,0.0
1759474771.285832,858.0,1.0,0.0
1759474771.3851492,858.0,1.0,0.0
1759474771.4026434,858.0,1.0,0.0
1759474771.480773,858.0,1.0,0.0
1759474771.5009243,858.0,1.0,0.0
1759474771.5917022,858.0,1.0,0.0
1759474771.6892343,858.0,1.0,0.0
1759474771.7963393,858.0,1.0,0.0
1759474771.8918104,858.0,1.0,0.0
1759474771.9911094,858.0,1.0,0.0
1759474772.0880759,858.0,1.0,0.0
1759474772.198748,858.0,1.0,0.0
1759474772.2834442,858.0,1.0,0.0
1759474772.2964394,858.0,1.0,0.0
1759474772.3909554,858.0,1.0,0.0
1759474772.4890106,858.0,1.0,0.0
1759474772.499316,858.0,1.0,0.0
1759474772.6061537,858.0,1.0,0.0
1759474772.6964736,858.0,1.0,0.0
1759474772.7952697,858.0,1.0,0.0
1759474772.9016962,858.0,1.0,0.0
1759474773.002354,858.0,1.0,0.0
1759474773.1013153,858.0,1.0,0.0
1759474773.19711,858.0,1.0,0.0
1759474773.2949557,858.0,1.0,0.0
1759474773.3995142,858.0,1.0,0.0
1759474773.5099661,858.0,1.0,0.0
1759474773.5946484,858.0,1.0,0.0
1759474773.7099166,858.0,1.0,0.0
1759474773.8061614,858.0,1.0,0.0
1759474773.90823,858.0,1.0,0.0
1759474774.0078585,858.0,1.0,0.0
1759474774.0939136,858.0,1.0,0.0
1759474774.197886,858.0,1.0,0.0
1759474774.2992826,858.0,1.0,0.0
1759474774.397404,858.0,1.0,0.0
1759474774.5031242,858.0,1.0,0.0
1759474774.5960672,858.0,1.0,0.0
1759474774.710561,858.0,1.0,0.0
1759474774.8081222,858.0,1.0,0.0
1759474774.90988,858.0,1.0,0.0
1759474775.0149343,858.0,1.0,0.0
1759474775.1060903,858.0,1.0,0.0
1759474775.1979837,858.0,1.0,0.0
1759474775.3020232,858.0,1.0,0.0
1759474775.3984294,858.0,1.0,0.0
1759474775.4987714,858.0,1.0,0.0
1759474775.6033695,858.0,1.0,0.0
1759474775.6985612,858.0,1.0,0.0
1759474775.815924,858.0,1.0,0.0
1759474775.914564,858.0,1.0,0.0
1759474776.010879,858.0,1.0,0.0
1759474776.1015925,858.0,1.0,0.0
1759474776.203368,858.0,1.0,0.0
1759474776.2977889,858.0,1.0,0.0
1759474776.3064022,858.0,1.0,0.0
1759474776.4071512,858.0,1.0,0.0
1759474776.5168073,858.0,1.0,0.0
1759474776.6119225,858.0,1.0,0.0
1759474776.7198067,858.0,1.0,0.0
1759474776.8161008,858.0,1.0,0.0
1759474776.9161973,858.0,1.0,0.0
1759474777.0124347,858.0,1.0,0.0
1759474777.113797,858.0,1.0,0.0
1759474777.2059317,858.0,1.0,0.0
1759474777.3178303,858.0,1.0,0.0
1759474777.4120812,858.0,1.0,0.0
1759474777.5095813,858.0,1.0,0.0
1759474777.6211662,858.0,1.0,0.0
1759474777.7174845,858.0,1.0,0.0
1759474777.8192146,858.0,1.0,0.0
1759474777.9177997,858.0,1.0,0.0
1759474778.0078247,858.0,1.0,0.0
1759474778.1189868,858.0,1.0,0.0
1759474778.2167957,858.0,1.0,0.0
1759474778.3203592,858.0,1.0,0.0
1759474778.4185178,858.0,1.0,0.0
1759474778.5125425,858.0,1.0,0.0
1759474778.6047535,858.0,1.0,0.0
1759474778.71288,858.0,1.0,0.0
1759474778.804087,858.0,1.0,0.0
1759474778.9177194,858.0,1.0,0.0
1759474779.0115669,858.0,1.0,0.0
1759474779.115065,858.0,1.0,0.0
1759474779.2090986,858.0,1.0,0.0
1759474779.315082,858.0,1.0,0.0
1759474779.4046218,858.0,1.0,0.0
1759474779.5057623,858.0,1.0,0.0
1759474779.6168528,858.0,1.0,0.0
1759474779.7179275,858.0,1.0,0.0
1759474779.8114047,858.0,1.0,0.0
1759474779.9050999,858.0,1.0,0.0
1759474780.0061789,858.0,1.0,0.0
1759474780.1184893,858.0,1.0,0.0
1759474780.2145426,858.0,1.0,0.0
1759474780.305488,918.0,1.0,0.0
1759474780.4087646,918.0,1.0,0.0
1759474780.5083725,918.0,1.0,0.0
1759474780.6053543,918.0,1.0,0.0
1759474780.721518,918.0,1.0,0.0
1759474780.8201199,858.0,1.0,0.0
1759474780.9096496,858.0,1.0,0.0
1759474781.0146797,918.0,1.0,1.0
1759474781.1236506,918.0,1.0,1.0
1759474781.2273974,918.0,1.0,1.0
1759474781.3076406,980.0,1.0,1.0
1759474781.4137945,980.0,1.0,1.0
1759474781.520736,980.0,1.0,1.0
1759474781.6074793,980.0,1.0,1.0
1759474781.7053778,980.0,1.0,1.0
1759474781.805281,980.0,1.0,1.0
1759474781.9116256,918.0,1.0,1.0
1759474782.0074196,858.0,1.0,1.0
1759474782.1147902,858.0,1.0,1.0
1759474782.2167878,858.0,1.0,1.0
1759474782.3059714,858.0,1.0,1.0
1759474782.4067082,858.0,1.0,1.0
1759474782.5191193,858.0,1.0,1.0
1759474782.6139362,858.0,1.0,1.0
1759474782.7143772,918.0,1.0,1.0
1759474782.8131163,858.0,1.0,1.0
1759474782.9044504,858.0,1.0,1.0
1759474783.007082,858.0,1.0,1.0
1759474783.1115,858.0,1.0,1.0
1759474783.2231734,858.0,1.0,1.0
1759474783.3127346,858.0,1.0,1.0
1759474783.3372865,858.0,1.0,1.0
1759474783.4320576,858.0,1.0,1.0
1759474783.5256996,858.0,1.0,1.0
1759474783.6319642,858.0,1.0,1.0
1759474783.7174006,858.0,1.0,1.0
1759474783.8299308,858.0,1.0,1.0
1759474783.9177618,858.0,1.0,1.0
1759474784.0215123,858.0,1.0,1.0
1759474784.133021,858.0,1.0,1.0
1759474784.2220466,858.0,1.0,1.0
1759474784.3312047,918.0,1.0,1.0
1759474784.417768,858.0,1.0,1.0
1759474784.5199108,858.0,1.0,1.0
1759474784.621173,858.0,1.0,1.0
1759474784.7215874,858.0,1.0,1.0
1759474784.736095,858.0,1.0,1.0
1759474784.8340456,858.0,1.0,1.0
1759474784.9325912,858.0,1.0,1.0
1759474785.0209618,858.0,1.0,1.0
1759474785.1248937,858.0,1.0,1.0
1759474785.2241797,858.0,1.0,1.0
1759474785.3219948,858.0,1.0,1.0
1759474785.4325025,858.0,1.0,1.0
1759474785.5387528,858.0,1.0,1.0
1759474785.621861,858.0,1.0,1.0
1759474785.7233567,858.0,1.0,1.0
1759474785.8291607,858.0,1.0,1.0
1759474785.923291,858.0,1.0,1.0
1759474786.0311935,858.0,1.0,1.0
1759474786.1302576,858.0,1.0,1.0
1759474786.2247787,858.0,1.0,1.0
1759474786.3346148,858.0,1.0,1.0
1759474786.4339325,858.0,1.0,1.0
1759474786.5212295,858.0,1.0,1.0
1759474786.6216767,858.0,1.0,1.0
1759474786.7247212,858.0,1.0,1.0
1759474786.8225915,858.0,1.0,1.0
1759474786.919083,858.0,1.0,1.0
1759474787.0214617,858.0,1.0,1.0
1759474787.139525,858.0,1.0,1.0
1759474787.2238314,858.0,1.0,1.0
1759474787.3279765,858.0,1.0,1.0
1759474787.4442189,858.0,1.0,1.0
1759474787.5268614,858.0,1.0,1.0
1759474787.6363814,858.0,1.0,1.0
1759474787.7271273,858.0,1.0,1.0
1759474787.8256845,858.0,1.0,1.0
1759474787.9304829,858.0,1.0,1.0
1759474788.023298,858.0,1.0,1.0
1759474788.1267302,858.0,1.0,1.0
1759474788.2268507,858.0,1.0,1.0
1759474788.326931,858.0,1.0,1.0
1759474788.4244978,858.0,1.0,1.0
1759474788.5213883,858.0,1.0,1.0
1759474788.626408,858.0,1.0,1.0
1759474788.738047,858.0,1.0,1.0
1759474788.8268082,858.0,1.0,1.0
1759474788.9234037,858.0,1.0,1.0
1759474789.0270133,858.0,1.0,1.0
1759474789.1243367,858.0,1.0,1.0
1759474789.2261112,858.0,1.0,1.0
1759474789.3383362,858.0,1.0,1.0
1759474789.4410057,858.0,1.0,1.0
1759474789.5328326,858.0,1.0,1.0
1759474789.6352918,858.0,1.0,1.0
1759474789.735939,858.0,1.0,1.0
1759474789.8368752,858.0,1.0,1.0
1759474789.927965,858.0,1.0,1.0
1759474790.0329077,858.0,1.0,1.0
1759474790.1343634,858.0,1.0,1.0
1759474790.22822,858.0,1.0,1.0
1759474790.3324862,858.0,1.0,1.0
1759474790.4281988,858.0,1.0,1.0
1759474790.537048,858.0,1.0,1.0
1759474790.6308854,858.0,1.0,1.0
1759474790.7337778,858.0,1.0,1.0
1759474790.8373313,858.0,1.0,1.0
1759474790.937602,858.0,1.0,1.0
1759474791.0310981,858.0,1.0,1.0
1759474791.1287253,858.0,1.0,1.0
1759474791.2260725,858.0,1.0,1.0
1759474791.3290045,858.0,1.0,1.0
1759474791.4327824,858.0,1.0,1.0
1759474791.4422271,858.0,1.0,1.0
1759474791.52745,858.0,1.0,1.0
1759474791.6356947,858.0,1.0,1.0
1759474791.734727,858.0,1.0,1.0
1759474791.8307498,858.0,1.0,1.0
1759474791.9474285,858.0,1.0,1.0
1759474792.0331907,858.0,1.0,1.0
1759474792.1412935,858.0,1.0,1.0
1759474792.2284334,858.0,1.0,1.0
1759474792.3302016,858.0,1.0,1.0
1759474792.33933,858.0,1.0,1.0
1759474792.4390798,858.0,1.0,1.0
1759474792.5367072,858.0,1.0,1.0
1759474792.5460773,858.0,1.0,1.0
1759474792.6384854,858.0,1.0,1.0
1759474792.7393277,858.0,1.0,1.0
1759474792.8375406,858.0,1.0,1.0
1759474792.938198,858.0,1.0,1.0
1759474793.0410368,858.0,1.0,1.0
1759474793.1436853,858.0,1.0,1.0
1759474793.2447116,858.0,1.0,1.0
1759474793.3425424,858.0,1.0,1.0
1759474793.4460142,858.0,1.0,1.0
1759474793.545526,858.0,1.0,1.0
1759474793.6425967,858.0,1.0,1.0
1759474793.7377927,858.0,1.0,1.0
1759474793.8443356,858.0,1.0,1.0
1759474793.9371295,858.0,1.0,1.0
1759474794.0352888,858.0,1.0,1.0
1759474794.135986,858.0,1.0,1.0
1759474794.2379348,858.0,1.0,1.0
1759474794.3422823,858.0,1.0,1.0
1759474794.4388227,858.0,1.0,1.0
1759474794.5442073,858.0,1.0,1.0
1759474794.6379106,858.0,1.0,1.0
1759474794.7514036,858.0,1.0,1.0
1759474794.8421874,858.0,1.0,1.0
1759474794.9362357,858.0,1.0,1.0
1759474795.0371954,858.0,1.0,1.0
1759474795.1410143,858.0,1.0,1.0
1759474795.240556,858.0,1.0,1.0
1759474795.349875,858.0,1.0,1.0
1759474795.4474292,858.0,1.0,1.0
1759474795.5508153,858.0,1.0,1.0
1759474795.6486208,858.0,1.0,1.0
1759474795.7496636,858.0,1.0,1.0
1759474795.8484752,858.0,1.0,1.0
1759474795.9542158,858.0,1.0,1.0
1759474796.0360177,858.0,1.0,1.0
1759474796.1454935,858.0,1.0,1.0
1759474796.2517629,858.0,1.0,1.0
1759474796.3600602,858.0,1.0,1.0
1759474796.4366527,858.0,1.0,1.0
1759474796.5481555,858.0,1.0,1.0
1759474796.6467621,858.0,1.0,1.0
1759474796.741456,858.0,1.0,1.0
1759474796.8369098,858.0,1.0,1.0
1759474796.9357784,858.0,1.0,1.0
1759474796.944371,858.0,1.0,1.0
1759474797.0389698,858.0,1.0,1.0
1759474797.1500237,858.0,1.0,1.0
1759474797.2419934,858.0,1.0,1.0
1759474797.338099,858.0,1.0,1.0
1759474797.3464713,858.0,1.0,1.0
1759474797.4494703,858.0,1.0,1.0
1759474797.539833,858.0,1.0,1.0
1759474797.6411543,858.0,1.0,1.0
1759474797.739386,858.0,1.0,1.0
1759474797.84278,858.0,1.0,1.0
1759474797.9409819,858.0,1.0,1.0
1759474798.0545084,858.0,1.0,1.0
1759474798.0629582,858.0,1.0,1.0
1759474798.1515152,858.0,1.0,1.0
1759474798.2458096,858.0,1.0,1.0
1759474798.347011,858.0,1.0,1.0
1759474798.4479237,858.0,1.0,1.0
1759474798.5477145,858.0,1.0,1.0
1759474798.6632228,858.0,1.0,1.0
1759474798.752887,858.0,1.0,1.0
1759474798.8489323,858.0,1.0,1.0
1759474798.944282,858.0,1.0,1.0
1759474799.04995,858.0,1.0,1.0
1759474799.1617785,858.0,1.0,1.0
1759474799.2447238,858.0,1.0,1.0
1759474799.257448,858.0,1.0,1.0
1759474799.3522553,858.0,1.0,1.0
1759474799.4466088,858.0,1.0,1.0
1759474799.5499241,858.0,1.0,1.0
1759474799.6520152,858.0,1.0,1.0
1759474799.7501953,858.0,1.0,1.0
1759474799.8469746,858.0,1.0,1.0
1759474799.9511807,858.0,1.0,1.0
1759474800.064581,858.0,1.0,1.0
1759474800.1598818,858.0,1.0,1.0
1759474800.2599442,858.0,1.0,1.0
1759474800.3603337,858.0,1.0,1.0
1759474800.4495914,858.0,1.0,1.0
1759474800.5515444,858.0,1.0,1.0
1759474800.6670718,858.0,1.0,1.0
1759474800.7620518,858.0,1.0,1.0
1759474800.8601155,858.0,1.0,1.0
1759474800.9678345,858.0,1.0,1.0
1759474801.0524685,858.0,1.0,1.0
1759474801.1570666,858.0,1.0,1.0
1759474801.2584724,858.0,1.0,1.0
1759474801.3697133,858.0,1.0,1.0
1759474801.4660969,858.0,1.0,1.0
1759474801.5720525,858.0,1.0,1.0
1759474801.6667492,858.0,1.0,1.0
1759474801.762953,858.0,1.0,1.0
1759474801.8687568,858.0,1.0,1.0
1759474801.966532,858.0,1.0,1.0
1759474802.0677817,858.0,1.0,1.0
1759474802.1688948,858.0,1.0,1.0
1759474802.2744675,858.0,1.0,1.0
1759474802.3679159,858.0,1.0,1.0
1759474802.469947,858.0,1.0,1.0
1759474802.564228,858.0,1.0,1.0
1759474802.6665263,858.0,1.0,1.0
1759474802.7540176,858.0,1.0,1.0
1759474802.87025,858.0,1.0,1.0
1759474802.9699728,858.0,1.0,1.0
1759474802.9789305,858.0,1.0,1.0
1759474803.0792818,858.0,1.0,1.0
1759474803.1743915,858.0,1.0,1.0
1759474803.26976,858.0,1.0,1.0
1759474803.3785195,858.0,1.0,1.0
1759474803.4769669,858.0,1.0,1.0
1759474803.5813885,858.0,1.0,1.0
1759474803.6713622,858.0,1.0,0.0
1759474803.7799103,858.0,1.0,0.0
1759474803.8743203,858.0,1.0,0.0
1759474803.967343,858.0,1.0,0.0
1759474804.0713503,858.0,1.0,0.0
1759474804.184009,858.0,1.0,0.0
1759474804.2706861,858.0,1.0,0.0
1759474804.3787081,858.0,1.0,0.0
1759474804.4842725,858.0,1.0,0.0
1759474804.567893,858.0,1.0,0.0
1759474804.677799,858.0,1.0,0.0
1759474804.772137,858.0,1.0,0.0
1759474804.894676,858.0,1.0,0.0
1759474804.972462,858.0,1.0,0.0
1759474805.079894,858.0,1.0,0.0
1759474805.1842225,858.0,1.0,0.0
1759474805.2744782,858.0,1.0,0.0
1759474805.3804286,858.0,1.0,0.0
1759474805.4631715,858.0,1.0,0.0
1759474805.5661564,858.0,1.0,0.0
1759474805.668966,858.0,1.0,0.0
1759474805.7812335,858.0,1.0,0.0
1759474805.8715346,858.0,1.0,0.0
1759474805.9799697,858.0,1.0,0.0
1759474806.0719078,858.0,1.0,0.0
1759474806.1811597,858.0,1.0,0.0
1759474806.2745621,858.0,1.0,0.0
1759474806.3724144,858.0,1.0,0.0
1759474806.4699814,858.0,1.0,0.0
1759474806.5701106,858.0,1.0,0.0
1759474806.675467,858.0,1.0,0.0
1759474806.7670226,858.0,1.0,0.0
1759474806.8696942,858.0,1.0,0.0
1759474806.9656072,858.0,1.0,0.0
1759474807.0664861,858.0,1.0,0.0
1759474807.091089,858.0,1.0,0.0
1759474807.177716,858.0,1.0,0.0
1759474807.2725396,858.0,1.0,0.0
1759474807.3759127,858.0,1.0,0.0
1759474807.477597,858.0,1.0,0.0
1759474807.588378,858.0,1.0,0.0
1759474807.678632,858.0,1.0,0.0
1759474807.781213,858.0,1.0,0.0
1759474807.8939977,858.0,1.0,0.0
1759474807.9892952,858.0,1.0,0.0
1759474808.0887678,858.0,1.0,0.0
1759474808.109497,858.0,1.0,0.0
1759474808.182048,858.0,1.0,0.0
1759474808.1950438,858.0,1.0,0.0
1759474808.2993915,858.0,1.0,0.0
1759474808.3912377,858.0,1.0,0.0
1759474808.4967368,858.0,1.0,0.0
1759474808.5846603,858.0,1.0,0.0
1759474808.6903517,858.0,1.0,0.0
1759474808.78774,858.0,1.0,0.0
1759474808.888996,858.0,1.0,0.0
1759474808.9981475,858.0,1.0,0.0
1759474809.099128,858.0,1.0,0.0
1759474809.2008011,858.0,1.0,0.0
1759474809.2855678,858.0,1.0,0.0
1759474809.402694,858.0,1.0,0.0
1759474809.5005984,858.0,1.0,0.0
1759474809.6082153,858.0,1.0,0.0
1759474809.6997359,858.0,1.0,0.0
1759474809.7082133,858.0,1.0,0.0
1759474809.7907443,858.0,1.0,0.0
1759474809.8915877,858.0,1.0,0.0
1759474809.9960191,858.0,1.0,0.0
1759474810.0071943,858.0,1.0,0.0
1759474810.0995026,858.0,1.0,0.0
1759474810.213693,858.0,1.0,0.0
1759474810.2949617,858.0,1.0,0.0
1759474810.404818,858.0,1.0,0.0
1759474810.4998174,858.0,1.0,0.0
1759474810.5966616,858.0,1.0,0.0
1759474810.7054079,858.0,1.0,0.0
1759474810.8084083,858.0,1.0,0.0
1759474810.9032507,858.0,1.0,0.0
1759474811.0005558,858.0,1.0,0.0
1759474811.096881,858.0,1.0,0.0
1759474811.2036016,858.0,1.0,0.0
1759474811.3127375,858.0,1.0,0.0
1759474811.4018965,858.0,1.0,0.0
1759474811.5012677,858.0,1.0,0.0
1759474811.6005397,858.0,1.0,0.0
1759474811.7192533,858.0,1.0,0.0
1759474811.8018625,858.0,1.0,0.0
1759474811.9119172,858.0,1.0,0.0
1759474812.0020435,858.0,1.0,0.0
1759474812.1051705,858.0,1.0,0.0
1759474812.2020757,858.0,1.0,0.0
1759474812.2989216,858.0,1.0,0.0
1759474812.4166358,858.0,1.0,0.0
1759474812.5015795,858.0,1.0,0.0
1759474812.611426,858.0,1.0,0.0
1759474812.6968055,858.0,1.0,0.0
1759474812.8005042,858.0,1.0,0.0
1759474812.9099991,858.0,1.0,0.0
1759474813.0091655,858.0,1.0,0.0
1759474813.0975986,858.0,1.0,0.0
1759474813.107171,858.0,1.0,0.0
1759474813.2080235,858.0,1.0,0.0
1759474813.3151393,858.0,1.0,0.0
1759474813.404207,858.0,1.0,0.0
1759474813.5146523,858.0,1.0,0.0
1759474813.607311,858.0,1.0,0.0
1759474813.7039993,858.0,1.0,0.0
1759474813.7993076,858.0,1.0,0.0
1759474813.810349,858.0,1.0,0.0
1759474813.909964,858.0,1.0,0.0
1759474814.0027144,858.0,1.0,0.0
1759474814.1201813,858.0,1.0,0.0
1759474814.2025657,858.0,1.0,0.0
1759474814.3047578,858.0,1.0,0.0
1759474814.4039106,858.0,1.0,0.0
1759474814.5020828,858.0,1.0,0.0
1759474814.59975,858.0,1.0,0.0
1759474814.6100235,858.0,1.0,0.0
1759474814.7102323,858.0,1.0,0.0
1759474814.8203337,858.0,1.0,0.0
1759474814.9065022,858.0,1.0,0.0
1759474814.915118,858.0,1.0,0.0
1759474815.0293005,858.0,1.0,0.0
1759474815.1230621,858.0,1.0,0.0
1759474815.2174747,858.0,1.0,0.0
1759474815.3213544,858.0,1.0,0.0
1759474815.4175828,858.0,1.0,0.0
1759474815.5159714,858.0,1.0,0.0
1759474815.634725,858.0,1.0,0.0
1759474815.7276394,858.0,1.0,0.0
1759474815.825469,858.0,1.0,0.0
1759474815.9254296,858.0,1.0,0.0
1759474816.016795,858.0,1.0,0.0
1759474816.11547,858.0,1.0,0.0
1759474816.2155306,858.0,1.0,0.0
1759474816.3215775,858.0,1.0,0.0
1759474816.427839,858.0,1.0,0.0
1759474816.5130646,858.0,1.0,0.0
1759474816.6146688,858.0,1.0,0.0
1759474816.7118902,858.0,1.0,0.0
1759474816.8169873,858.0,1.0,0.0
1759474816.9312527,858.0,1.0,0.0
1759474817.026683,858.0,1.0,0.0
1759474817.126239,858.0,1.0,0.0
1759474817.1339326,858.0,1.0,0.0
1759474817.2386534,858.0,1.0,0.0
1759474817.3458338,858.0,1.0,0.0
1759474817.4370306,858.0,1.0,0.0
1759474817.542141,858.0,1.0,0.0
1759474817.6249301,858.0,1.0,0.0
1759474817.6379957,858.0,1.0,0.0
1759474817.7461445,858.0,1.0,0.0
1759474817.8429542,858.0,1.0,0.0
1759474817.9376397,858.0,1.0,0.0
1759474818.0354435,858.0,1.0,0.0
1759474818.1399386,858.0,1.0,0.0
1759474818.2381144,858.0,1.0,0.0
1759474818.344322,858.0,1.0,0.0
1759474818.3552067,858.0,1.0,0.0
1759474818.4472797,858.0,1.0,0.0
1759474818.5489824,858.0,1.0,0.0
1759474818.6390016,858.0,1.0,0.0
1759474818.7464292,918.0,1.0,0.0
1759474818.84757,918.0,1.0,0.0
1759474818.9418683,918.0,1.0,0.0
1759474819.0432622,918.0,1.0,0.0
1759474819.1302946,918.0,1.0,0.0
1759474819.2525992,918.0,1.0,0.0
1759474819.3533943,918.0,1.0,0.0
1759474819.434913,918.0,1.0,0.0
1759474819.545446,918.0,1.0,0.0
1759474819.6380122,918.0,1.0,0.0
1759474819.7522275,918.0,1.0,0.0
1759474819.8359876,918.0,1.0,0.0
1759474819.945301,980.0,1.0,0.0
1759474820.0399237,980.0,1.0,0.0
1759474820.149728,980.0,1.0,0.0
1759474820.242304,980.0,1.0,0.0
1759474820.3414414,918.0,1.0,0.0
1759474820.443223,918.0,1.0,0.0
1759474820.5424747,918.0,1.0,0.0
1759474820.6332843,980.0,1.0,0.0
1759474820.7550128,980.0,1.0,0.0
1759474820.8489392,980.0,1.0,0.0
1759474820.9524336,980.0,1.0,0.0
1759474821.0402544,980.0,1.0,0.0
1759474821.1468167,1044.0,1.0,1.0
1759474821.248873,980.0,1.0,1.0
1759474821.3482535,1044.0,1.0,1.0
1759474821.4433134,1044.0,1.0,1.0
1759474821.5467813,1073.0,1.0,1.0
1759474821.648395,1140.0,1.0,1.0
1759474821.7529566,1073.0,1.0,1.0
1759474821.8372908,1073.0,1.0,1.0
1759474821.9495952,1044.0,1.0,1.0
1759474822.0490491,1044.0,1.0,1.0
1759474822.136679,1073.0,1.0,1.0
1759474822.2446697,1044.0,1.0,1.0
1759474822.3382065,1044.0,1.0,1.0
1759474822.4394364,1044.0,1.0,1.0
1759474822.550715,1073.0,1.0,1.0
1759474822.6410575,1044.0,1.0,1.0
1759474822.73753,1044.0,1.0,1.0
1759474822.8383832,1044.0,1.0,1.0
1759474822.9517314,1044.0,1.0,1.0
1759474823.0518296,1044.0,1.0,1.0
1759474823.1399665,980.0,1.0,1.0
1759474823.251619,980.0,1.0,1.0
1759474823.3393903,980.0,1.0,1.0
1759474823.440047,980.0,1.0,1.0
1759474823.5470746,980.0,1.0,1.0
1759474823.649965,980.0,1.0,1.0
1759474823.7422628,980.0,1.0,1.0
1759474823.837711,980.0,1.0,1.0
1759474823.954929,980.0,1.0,1.0
1759474824.0430868,918.0,1.0,1.0
1759474824.1370406,858.0,1.0,1.0
1759474824.238443,858.0,1.0,1.0
1759474824.3560088,858.0,1.0,1.0
1759474824.4545395,858.0,1.0,1.0
1759474824.5518196,858.0,1.0,1.0
1759474824.6421275,858.0,1.0,1.0
1759474824.739798,858.0,1.0,1.0
1759474824.8418844,918.0,1.0,1.0
1759474824.9425516,918.0,1.0,1.0
1759474825.0418923,918.0,1.0,1.0
1759474825.1445181,918.0,1.0,1.0
1759474825.2384305,918.0,1.0,1.0
1759474825.3519902,918.0,1.0,1.0
1759474825.4476466,918.0,1.0,1.0
1759474825.5510082,918.0,1.0,1.0
1759474825.6523166,918.0,1.0,1.0
1759474825.752974,918.0,1.0,1.0
1759474825.8554964,918.0,1.0,1.0
1759474825.9418976,918.0,1.0,1.0
1759474826.051345,918.0,1.0,1.0
1759474826.1549335,918.0,1.0,1.0
1759474826.2397258,918.0,1.0,1.0
1759474826.3398228,918.0,1.0,1.0
1759474826.435956,918.0,1.0,1.0
1759474826.5381024,918.0,1.0,1.0
1759474826.6515944,858.0,1.0,1.0
1759474826.7449226,858.0,1.0,1.0
1759474826.839928,918.0,1.0,1.0
1759474826.9369328,918.0,1.0,1.0
1759474827.0496974,918.0,1.0,1.0
1759474827.1390553,918.0,1.0,1.0
1759474827.2421465,858.0,1.0,1.0
1759474827.26351,918.0,1.0,1.0
1759474827.3499956,858.0,1.0,1.0
1759474827.4583747,918.0,1.0,1.0
1759474827.5429876,918.0,1.0,1.0
1759474827.643073,918.0,1.0,1.0
1759474827.743864,918.0,1.0,1.0
1759474827.8519347,918.0,1.0,1.0
1759474827.9448853,918.0,1.0,1.0
1759474828.048754,918.0,1.0,1.0
1759474828.1587744,858.0,1.0,1.0
1759474828.2473779,918.0,1.0,1.0
1759474828.3542047,918.0,1.0,1.0
1759474828.4572265,918.0,1.0,1.0
1759474828.5568135,858.0,1.0,1.0
1759474828.6496067,858.0,1.0,1.0
1759474828.7464645,858.0,1.0,1.0
1759474828.759064,858.0,1.0,1.0
1759474828.8552425,858.0,1.0,1.0
1759474828.9589942,858.0,1.0,1.0
1759474829.066564,858.0,1.0,1.0
1759474829.1518764,858.0,1.0,1.0
1759474829.2624154,858.0,1.0,1.0
1759474829.363053,858.0,1.0,1.0
1759474829.4690554,858.0,1.0,1.0
1759474829.56685,918.0,1.0,1.0
1759474829.672144,858.0,1.0,1.0
1759474829.7632494,858.0,1.0,1.0
1759474829.8642206,858.0,1.0,1.0
1759474829.9592097,858.0,1.0,1.0
1759474830.066714,858.0,1.0,1.0
1759474830.161212,858.0,1.0,1.0
1759474830.2638438,858.0,1.0,1.0
1759474830.3555615,918.0,1.0,1.0
1759474830.46599,858.0,1.0,1.0
1759474830.5657501,858.0,1.0,1.0
1759474830.6681626,858.0,1.0,1.0
1759474830.7641,858.0,1.0,1.0
1759474830.8701174,858.0,1.0,1.0
1759474830.9595673,858.0,1.0,1.0
1759474831.0563223,858.0,1.0,1.0
1759474831.152981,858.0,1.0,1.0
1759474831.2658434,858.0,1.0,1.0
1759474831.363994,858.0,1.0,1.0
1759474831.4558082,858.0,1.0,1.0
1759474831.5556247,858.0,1.0,1.0
1759474831.6643412,858.0,1.0,1.0
1759474831.7526574,858.0,1.0,1.0
1759474831.8572114,858.0,1.0,1.0
1759474831.9509997,858.0,1.0,1.0
1759474832.0511944,858.0,1.0,1.0
1759474832.1527507,858.0,1.0,1.0
1759474832.2509267,858.0,1.0,1.0
1759474832.367731,858.0,1.0,1.0
1759474832.4584606,858.0,1.0,1.0
1759474832.5579336,858.0,1.0,1.0
1759474832.651618,858.0,1.0,1.0
1759474832.7679782,858.0,1.0,1.0
1759474832.8580413,858.0,1.0,1.0
1759474832.9568915,858.0,1.0,1.0
1759474833.0500784,858.0,1.0,1.0
1759474833.0597444,858.0,1.0,1.0
1759474833.1644979,858.0,1.0,1.0
1759474833.2677705,858.0,1.0,1.0
1759474833.2784874,858.0,1.0,1.0
1759474833.377322,858.0,1.0,1.0
1759474833.4767065,858.0,1.0,1.0
1759474833.5663981,858.0,1.0,1.0
1759474833.668343,858.0,1.0,1.0
1759474833.7682807,858.0,1.0,1.0
1759474833.879178,858.0,1.0,1.0
1759474833.9672132,858.0,1.0,1.0
1759474834.0835369,858.0,1.0,1.0
1759474834.1712883,858.0,1.0,1.0
1759474834.2642825,858.0,1.0,1.0
1759474834.368538,858.0,1.0,1.0
1759474834.4717615,858.0,1.0,1.0
1759474834.5690114,858.0,1.0,1.0
1759474834.6705556,858.0,1.0,1.0
1759474834.7625031,858.0,1.0,1.0
1759474834.8698094,858.0,1.0,1.0
1759474834.980474,858.0,1.0,1.0
1759474835.0760493,858.0,1.0,1.0
1759474835.0839486,858.0,1.0,1.0
1759474835.1829033,858.0,1.0,1.0
1759474835.2820723,858.0,1.0,1.0
1759474835.3708868,858.0,1.0,1.0
1759474835.3918812,858.0,1.0,1.0
1759474835.491977,858.0,1.0,1.0
1759474835.5881388,858.0,1.0,1.0
1759474835.6868932,858.0,1.0,1.0
1759474835.7897081,858.0,1.0,1.0
1759474835.8827536,858.0,1.0,1.0
1759474835.9882686,858.0,1.0,1.0
1759474836.081207,858.0,1.0,1.0
1759474836.2014723,858.0,1.0,1.0
1759474836.2941787,858.0,1.0,1.0
1759474836.389837,858.0,1.0,1.0
1759474836.4899302,858.0,1.0,1.0
1759474836.5898292,858.0,1.0,1.0
1759474836.6860526,858.0,1.0,1.0
1759474836.790465,858.0,1.0,1.0
1759474836.8928502,858.0,1.0,1.0
1759474837.0027318,858.0,1.0,1.0
1759474837.0983398,858.0,1.0,1.0
1759474837.1960876,858.0,1.0,1.0
1759474837.2935476,858.0,1.0,1.0
1759474837.3974917,858.0,1.0,0.0
1759474837.4827673,858.0,1.0,0.0
1759474837.5924892,858.0,1.0,0.0
1759474837.6924238,858.0,1.0,0.0
1759474837.8007927,858.0,1.0,0.0
1759474837.8904157,858.0,1.0,0.0
1759474837.9898293,858.0,1.0,0.0
1759474838.0870578,858.0,1.0,0.0
1759474838.1891534,858.0,1.0,0.0
1759474838.3008742,858.0,1.0,0.0
1759474838.386302,858.0,1.0,0.0
1759474838.4957745,858.0,1.0,0.0
1759474838.5997753,858.0,1.0,0.0
1759474838.6911914,858.0,1.0,0.0
1759474838.7848647,858.0,1.0,0.0
1759474838.8773768,858.0,1.0,0.0
1759474838.9868665,858.0,1.0,0.0
1759474839.0820847,858.0,1.0,0.0
1759474839.1847718,858.0,1.0,0.0
1759474839.2855062,858.0,1.0,0.0
1759474839.3916137,858.0,1.0,0.0
1759474839.495792,858.0,1.0,0.0
1759474839.5856807,858.0,1.0,0.0
1759474839.6862166,858.0,1.0,0.0
1759474839.7822797,858.0,1.0,0.0
1759474839.8802392,858.0,1.0,0.0
1759474839.9780953,858.0,1.0,0.0
1759474840.1007762,858.0,1.0,0.0
1759474840.1907616,858.0,1.0,0.0
1759474840.281716,858.0,1.0,0.0
1759474840.3904996,858.0,1.0,0.0
